payment_id,transaction_id,processed_amount,payment_status,processed_at
PAY0000001,TXN0000001,29541.49,SUCCESS,2024-11-23 13:15:16
PAY0000002,TXN0000003,0.0,FAILED,2024-02-17 19:54:24
PAY0000003,TXN0000004,1750.88,SUCCESS,2024-01-24 09:06:29
PAY0000004,TXN0000005,3596.73,SUCCESS,2024-09-30 05:29:26
PAY0000005,TXN0000006,2250.22,SUCCESS,2024-04-18 18:57:24
PAY0000006,TXN0000007,1.42,SUCCESS,2024-07-04 10:33:06
PAY0000007,TXN0000009,18430.02,SUCCESS,2024-08-20 13:32:49
PAY0000008,TXN0000010,492.81,SUCCESS,2024-11-02 08:08:27
PAY0000009,TXN0000011,46801.11,SUCCESS,2024-03-06 17:10:38
PAY0000010,TXN0000014,58.22,SUCCESS,2024-08-27 01:43:58
PAY0000011,TXN0000015,279.66,SUCCESS,2024-05-22 09:29:26
PAY0000012,TXN0000017,46372.42,SUCCESS,2024-01-30 17:04:06
PAY0000013,TXN0000018,8689.25,SUCCESS,2024-12-11 12:08:20
PAY0000014,TXN0000019,3883.39,SUCCESS,2024-05-02 10:42:44
PAY0000015,TXN0000020,32525.5,SUCCESS,2024-06-27 07:23:24
PAY0000016,TXN0000021,14161.88,SUCCESS,2024-02-29 23:35:34
PAY0000017,TXN0000022,3835.54,SUCCESS,2024-05-21 19:49:32
PAY0000018,TXN0000023,4082.55,SUCCESS,2024-10-25 13:08:45
PAY0000019,TXN0000025,235.55,SUCCESS,2024-07-14 15:14:51
PAY0000020,TXN0000027,24622.59,SUCCESS,2024-06-09 22:07:54
PAY0000021,TXN0000028,1851.45,FAILED,2024-12-06 19:21:00
PAY0000022,TXN0000029,501.83,SUCCESS,2024-12-12 05:39:57
PAY0000023,TXN0000030,335.29,SUCCESS,2024-09-18 10:42:20
PAY0000024,TXN0000031,3732.56,SUCCESS,2024-08-31 02:29:52
PAY0000025,TXN0000032,3.24,SUCCESS,2024-03-31 22:34:06
PAY0000026,TXN0000033,33694.76,SUCCESS,2024-10-07 10:48:37
PAY0000027,TXN0000036,0.0,FAILED,2024-08-02 22:51:41
PAY0000028,TXN0000037,2577.64,SUCCESS,2024-07-20 21:01:41
PAY0000029,TXN0000038,34256.48,SUCCESS,2024-05-09 15:02:15
PAY0000030,TXN0000039,32265.17,SUCCESS,2024-03-05 09:36:28
PAY0000031,TXN0000040,15928.22,SUCCESS,2024-10-21 12:26:17
PAY0000032,TXN0000041,2390.26,SUCCESS,2024-09-29 19:04:40
PAY0000033,TXN0000042,414.61,SUCCESS,2024-11-11 17:50:14
PAY0000034,TXN0000043,44614.4,SUCCESS,2024-06-21 19:11:56
PAY0000035,TXN0000045,142.75,SUCCESS,2024-08-05 17:21:58
PAY0000036,TXN0000046,1833.11,SUCCESS,2024-05-21 16:38:26
PAY0000037,TXN0000047,3083.29,SUCCESS,2024-12-23 20:56:06
PAY0000038,TXN0000048,16168.59,SUCCESS,2024-09-08 08:09:28
PAY0000039,TXN0000049,308.72,SUCCESS,2024-08-14 20:19:53
PAY0000040,TXN0000050,646.88,SUCCESS,2024-10-09 08:27:01
PAY0000041,TXN0000052,0.0,FAILED,2024-12-24 13:32:43
PAY0000042,TXN0000054,0.0,FAILED,2024-06-19 09:54:13
PAY0000043,TXN0000055,1344.12,SUCCESS,2024-09-20 00:43:29
PAY0000044,TXN0000057,2369.71,SUCCESS,2024-11-27 15:59:53
PAY0000045,TXN0000058,37672.29,SUCCESS,2024-02-05 20:22:19
PAY0000046,TXN0000059,4913.49,SUCCESS,2024-06-19 17:25:06
PAY0000047,TXN0000060,4302.68,SUCCESS,2024-09-10 04:33:09
PAY0000048,TXN0000061,4367.04,FAILED,2024-06-22 12:41:23
PAY0000049,TXN0000062,9.81,SUCCESS,2024-11-19 09:14:56
PAY0000050,TXN0000064,3500.78,SUCCESS,2024-09-11 04:15:03
PAY0000051,TXN0000065,107.62,SUCCESS,2024-11-23 22:16:43
PAY0000052,TXN0000066,418.09,SUCCESS,2024-05-20 08:59:23
PAY0000053,TXN0000067,3795.62,SUCCESS,2024-11-17 08:20:33
PAY0000054,TXN0000069,35255.34,SUCCESS,2024-10-12 20:00:24
PAY0000055,TXN0000070,353.53,PENDING,2024-11-08 09:41:32
PAY0000056,TXN0000072,509.92,SUCCESS,2024-04-30 03:43:38
PAY0000057,TXN0000073,416.61,SUCCESS,2024-06-19 10:50:41
PAY0000058,TXN0000075,45893.83,SUCCESS,2024-07-04 09:28:48
PAY0000059,TXN0000078,193.41,SUCCESS,2024-07-31 10:27:57
PAY0000060,TXN0000079,38762.79,SUCCESS,2024-10-27 17:22:13
PAY0000061,TXN0000080,282.57,SUCCESS,2024-03-20 07:54:13
PAY0000062,TXN0000082,390.65,SUCCESS,2024-08-02 10:23:23
PAY0000063,TXN0000083,17746.09,FAILED,2024-09-05 13:17:17
PAY0000064,TXN0000084,1802.51,SUCCESS,2024-11-02 12:19:35
PAY0000065,TXN0000085,8.76,SUCCESS,2024-09-13 21:51:35
PAY0000066,TXN0000086,1273.43,SUCCESS,2024-10-20 20:18:35
PAY0000067,TXN0000088,27235.27,SUCCESS,2024-05-11 10:48:53
PAY0000068,TXN0000090,3433.27,SUCCESS,2024-08-24 23:57:06
PAY0000069,TXN0000091,2852.37,SUCCESS,2024-09-15 01:15:46
PAY0000070,TXN0000094,121.01,SUCCESS,2024-07-04 12:22:21
PAY0000071,TXN0000097,4306.52,SUCCESS,2024-05-08 21:55:24
PAY0000072,TXN0000098,193.24,SUCCESS,2024-08-18 00:26:33
PAY0000073,TXN0000099,355.71,SUCCESS,2024-05-26 15:45:29
PAY0000074,TXN0000100,45731.61,SUCCESS,2024-06-03 12:26:53
PAY0000075,TXN0000101,21227.17,FAILED,2024-01-01 07:36:45
PAY0000076,TXN0000102,8.1,SUCCESS,2024-11-21 19:16:51
PAY0000077,TXN0000103,3581.07,SUCCESS,2024-03-09 22:22:30
PAY0000078,TXN0000106,18792.31,SUCCESS,2024-02-10 10:34:51
PAY0000079,TXN0000107,837.69,SUCCESS,2024-06-29 13:18:19
PAY0000080,TXN0000109,2.67,SUCCESS,2024-07-22 13:15:44
PAY0000081,TXN0000110,108.09,SUCCESS,2024-04-19 09:45:38
PAY0000082,TXN0000111,40716.34,SUCCESS,2024-10-08 13:54:47
PAY0000083,TXN0000115,33101.56,SUCCESS,2024-11-10 22:41:36
PAY0000084,TXN0000120,983.74,SUCCESS,2024-09-10 20:44:10
PAY0000085,TXN0000122,0.0,FAILED,2024-03-14 22:25:36
PAY0000086,TXN0000123,20136.81,SUCCESS,2024-06-16 10:10:34
PAY0000087,TXN0000125,25.47,SUCCESS,2024-03-28 20:10:16
PAY0000088,TXN0000129,143.09,FAILED,2024-09-02 22:18:16
PAY0000089,TXN0000130,2976.59,SUCCESS,2024-07-30 21:07:19
PAY0000090,TXN0000131,371.96,SUCCESS,2024-11-26 09:41:45
PAY0000091,TXN0000133,13692.26,SUCCESS,2024-11-27 10:00:57
PAY0000092,TXN0000134,1559.85,SUCCESS,2024-04-04 15:21:21
PAY0000093,TXN0000136,39080.77,SUCCESS,2024-03-09 21:48:10
PAY0000094,TXN0000138,759.82,SUCCESS,2024-09-18 08:29:49
PAY0000095,TXN0000139,4701.99,SUCCESS,2024-01-24 09:34:04
PAY0000096,TXN0000140,68.13,PENDING,2024-07-12 22:11:25
PAY0000097,TXN0000141,145.07,PENDING,2024-09-29 12:19:45
PAY0000098,TXN0000142,33.85,SUCCESS,2024-02-21 14:39:11
PAY0000099,TXN0000143,4935.63,SUCCESS,2024-10-22 21:53:05
PAY0000100,TXN0000144,2373.46,SUCCESS,2024-01-25 20:42:48
PAY0000101,TXN0000145,14136.62,SUCCESS,2024-08-25 17:26:35
PAY0000102,TXN0000147,2984.36,FAILED,2024-09-02 22:38:47
PAY0000103,TXN0000149,41971.64,SUCCESS,2024-06-17 12:31:51
PAY0000104,TXN0000150,421.14,SUCCESS,2024-10-06 22:41:39
PAY0000105,TXN0000152,220.98,SUCCESS,2024-10-01 00:33:02
PAY0000106,TXN0000153,351.65,SUCCESS,2024-02-10 20:29:47
PAY0000107,TXN0000154,246.28,SUCCESS,2024-01-29 22:10:32
PAY0000108,TXN0000157,19686.95,SUCCESS,2024-04-28 10:39:05
PAY0000109,TXN0000159,24394.08,SUCCESS,2024-02-24 13:28:26
PAY0000110,TXN0000160,0.0,FAILED,2024-11-01 10:55:32
PAY0000111,TXN0000161,1252.43,SUCCESS,2024-12-16 10:17:34
PAY0000112,TXN0000162,4118.34,SUCCESS,2024-08-22 13:00:51
PAY0000113,TXN0000163,4854.93,SUCCESS,2024-09-02 20:20:36
PAY0000114,TXN0000164,112.73,SUCCESS,2024-12-15 00:47:13
PAY0000115,TXN0000165,46417.65,SUCCESS,2024-08-04 02:28:40
PAY0000116,TXN0000167,264.89,SUCCESS,2024-08-16 21:50:00
PAY0000117,TXN0000168,3635.43,SUCCESS,2024-08-21 16:30:43
PAY0000118,TXN0000169,479.65,FAILED,2024-05-04 22:10:25
PAY0000119,TXN0000170,40820.36,SUCCESS,2024-08-18 12:01:22
PAY0000120,TXN0000171,2309.01,SUCCESS,2024-05-14 15:34:08
PAY0000121,TXN0000172,22480.85,SUCCESS,2024-12-10 09:16:02
PAY0000122,TXN0000173,230.99,SUCCESS,2024-10-11 13:08:54
PAY0000123,TXN0000174,1.28,SUCCESS,2024-07-31 14:31:53
PAY0000124,TXN0000175,10139.3,SUCCESS,2024-03-27 18:48:09
PAY0000125,TXN0000176,499.66,SUCCESS,2024-02-22 20:48:36
PAY0000126,TXN0000177,289.34,SUCCESS,2024-03-25 06:52:22
PAY0000127,TXN0000178,434.85,SUCCESS,2024-03-10 13:58:28
PAY0000128,TXN0000180,4856.58,SUCCESS,2024-11-21 11:54:24
PAY0000129,TXN0000181,1059.07,SUCCESS,2024-12-15 01:07:00
PAY0000130,TXN0000182,33152.19,SUCCESS,2024-02-17 08:06:01
PAY0000131,TXN0000185,116.45,SUCCESS,2024-11-17 13:40:16
PAY0000132,TXN0000188,3.36,SUCCESS,2024-08-29 02:01:43
PAY0000133,TXN0000189,50.96,SUCCESS,2024-12-25 22:35:19
PAY0000134,TXN0000190,34973.58,SUCCESS,2024-05-02 09:59:43
PAY0000135,TXN0000191,392.75,SUCCESS,2024-06-26 13:10:36
PAY0000136,TXN0000192,0.0,FAILED,2024-09-11 19:03:39
PAY0000137,TXN0000194,451.95,SUCCESS,2024-05-18 18:23:37
PAY0000138,TXN0000195,2587.67,SUCCESS,2024-01-05 13:37:03
PAY0000139,TXN0000196,2007.58,SUCCESS,2024-01-13 19:41:19
PAY0000140,TXN0000198,0.0,FAILED,2024-09-15 20:04:39
PAY0000141,TXN0000200,0.0,FAILED,2024-05-15 02:11:00
PAY0000142,TXN0000201,282.42,SUCCESS,2024-12-12 10:02:01
PAY0000143,TXN0000202,459.54,SUCCESS,2024-07-09 20:06:07
PAY0000144,TXN0000203,24.45,SUCCESS,2024-01-26 20:53:20
PAY0000145,TXN0000205,6172.83,FAILED,2024-09-02 21:23:13
PAY0000146,TXN0000206,459.46,SUCCESS,2024-03-22 12:18:07
PAY0000147,TXN0000208,310.93,SUCCESS,2024-11-04 22:30:11
PAY0000148,TXN0000209,4891.37,SUCCESS,2024-02-07 20:37:23
PAY0000149,TXN0000210,5080.91,SUCCESS,2024-04-24 05:24:37
PAY0000150,TXN0000211,126.62,SUCCESS,2024-11-23 15:10:02
PAY0000151,TXN0000212,716.66,SUCCESS,2024-04-17 09:22:35
PAY0000152,TXN0000213,831.69,SUCCESS,2024-09-02 18:42:23
PAY0000153,TXN0000214,4519.52,SUCCESS,2024-03-23 17:57:30
PAY0000154,TXN0000215,367.69,SUCCESS,2024-04-15 13:44:40
PAY0000155,TXN0000216,14312.88,SUCCESS,2024-01-02 13:53:12
PAY0000156,TXN0000217,1339.62,SUCCESS,2024-12-04 22:24:38
PAY0000157,TXN0000219,263.24,FAILED,2024-07-21 22:02:33
PAY0000158,TXN0000221,30496.73,SUCCESS,2024-01-07 19:37:58
PAY0000159,TXN0000222,32821.0,FAILED,2024-07-29 21:36:48
PAY0000160,TXN0000223,43620.57,SUCCESS,2024-05-17 00:22:19
PAY0000161,TXN0000224,2680.07,SUCCESS,2024-11-05 06:28:52
PAY0000162,TXN0000225,108.36,SUCCESS,2024-09-25 00:11:30
PAY0000163,TXN0000226,44171.63,SUCCESS,2024-11-21 21:01:37
PAY0000164,TXN0000228,2194.14,SUCCESS,2024-04-24 13:46:15
PAY0000165,TXN0000230,35634.01,SUCCESS,2024-09-21 01:52:20
PAY0000166,TXN0000232,45481.6,SUCCESS,2024-02-19 13:47:19
PAY0000167,TXN0000233,434.53,SUCCESS,2024-05-13 14:54:11
PAY0000168,TXN0000234,493.72,SUCCESS,2024-01-28 04:08:42
PAY0000169,TXN0000235,389.04,SUCCESS,2024-06-09 00:28:42
PAY0000170,TXN0000237,705.73,SUCCESS,2024-06-08 20:32:43
PAY0000171,TXN0000238,474.56,SUCCESS,2024-06-24 15:22:52
PAY0000172,TXN0000239,387.91,SUCCESS,2024-03-04 08:25:38
PAY0000173,TXN0000240,18550.24,FAILED,2024-07-13 13:30:46
PAY0000174,TXN0000243,155.05,PENDING,2024-02-21 20:15:09
PAY0000175,TXN0000244,45253.74,SUCCESS,2024-02-18 01:01:10
PAY0000176,TXN0000245,244.34,SUCCESS,2024-07-23 08:54:01
PAY0000177,TXN0000247,30425.55,SUCCESS,2024-05-13 00:46:19
PAY0000178,TXN0000250,0.0,FAILED,2024-11-30 20:26:05
PAY0000179,TXN0000251,3724.96,FAILED,2024-01-28 14:21:39
PAY0000180,TXN0000252,78.82,SUCCESS,2024-10-07 09:03:17
PAY0000181,TXN0000254,296.71,SUCCESS,2024-09-12 08:36:12
PAY0000182,TXN0000255,2290.41,SUCCESS,2024-09-15 13:39:39
PAY0000183,TXN0000256,75.01,SUCCESS,2024-04-12 13:43:42
PAY0000184,TXN0000258,18281.33,SUCCESS,2024-04-12 10:19:20
PAY0000185,TXN0000259,48051.59,SUCCESS,2024-09-18 22:19:12
PAY0000186,TXN0000260,13841.11,SUCCESS,2024-04-25 22:46:23
PAY0000187,TXN0000261,19875.33,SUCCESS,2024-07-12 13:35:48
PAY0000188,TXN0000263,49848.4,SUCCESS,2024-04-19 10:23:48
PAY0000189,TXN0000264,65.55,SUCCESS,2024-01-21 10:25:32
PAY0000190,TXN0000265,0.0,FAILED,2024-11-29 22:05:15
PAY0000191,TXN0000267,67.97,SUCCESS,2024-08-18 13:20:39
PAY0000192,TXN0000268,464.08,SUCCESS,2024-05-28 09:38:11
PAY0000193,TXN0000269,687.98,SUCCESS,2024-11-20 19:01:05
PAY0000194,TXN0000270,13196.21,SUCCESS,2024-11-26 04:10:33
PAY0000195,TXN0000271,0.0,FAILED,2024-05-08 21:21:26
PAY0000196,TXN0000273,0.0,FAILED,2024-06-05 09:11:46
PAY0000197,TXN0000275,48380.01,SUCCESS,2024-03-09 22:05:43
PAY0000198,TXN0000276,40.8,SUCCESS,2024-09-04 01:15:01
PAY0000199,TXN0000278,398.4,SUCCESS,2024-04-24 19:53:11
PAY0000200,TXN0000279,1010.02,SUCCESS,2024-03-21 09:42:46
PAY0000201,TXN0000280,0.0,FAILED,2024-03-06 05:08:45
PAY0000202,TXN0000281,0.0,FAILED,2024-08-17 15:55:34
PAY0000203,TXN0000282,431.2,SUCCESS,2024-04-27 10:06:39
PAY0000204,TXN0000283,4719.81,SUCCESS,2024-02-17 10:58:01
PAY0000205,TXN0000284,292.3,SUCCESS,2024-06-28 23:59:10
PAY0000206,TXN0000285,3445.46,SUCCESS,2024-12-29 00:36:53
PAY0000207,TXN0000286,29844.72,SUCCESS,2024-10-01 19:39:30
PAY0000208,TXN0000287,376.43,SUCCESS,2024-12-27 10:55:40
PAY0000209,TXN0000288,3201.1,SUCCESS,2024-03-23 08:51:36
PAY0000210,TXN0000289,43275.54,SUCCESS,2024-12-30 01:50:26
PAY0000211,TXN0000290,22781.44,FAILED,2024-07-03 08:10:12
PAY0000212,TXN0000291,46837.12,SUCCESS,2024-10-13 11:23:16
PAY0000213,TXN0000292,1625.64,SUCCESS,2024-06-23 16:17:31
PAY0000214,TXN0000293,0.0,FAILED,2024-09-03 09:24:41
PAY0000215,TXN0000294,2090.92,SUCCESS,2024-07-23 10:05:20
PAY0000216,TXN0000295,184.45,SUCCESS,2024-05-15 12:53:47
PAY0000217,TXN0000296,49297.76,SUCCESS,2024-07-09 15:58:15
PAY0000218,TXN0000298,17123.37,SUCCESS,2024-07-13 10:23:43
PAY0000219,TXN0000299,41638.58,SUCCESS,2024-07-05 08:28:19
PAY0000220,TXN0000300,3337.93,SUCCESS,2024-08-30 05:26:36
PAY0000221,TXN0000301,21243.29,SUCCESS,2024-01-31 13:31:03
PAY0000222,TXN0000302,27970.0,SUCCESS,2024-10-22 20:34:31
PAY0000223,TXN0000303,4581.83,SUCCESS,2024-03-26 10:27:16
PAY0000224,TXN0000304,230.64,SUCCESS,2024-05-18 11:48:17
PAY0000225,TXN0000307,2855.57,SUCCESS,2024-12-23 21:41:25
PAY0000226,TXN0000308,17904.3,SUCCESS,2024-07-30 13:00:40
PAY0000227,TXN0000310,406.32,SUCCESS,2024-11-16 13:18:55
PAY0000228,TXN0000311,599.59,SUCCESS,2024-12-24 06:20:07
PAY0000229,TXN0000312,254.21,SUCCESS,2024-01-08 19:26:24
PAY0000230,TXN0000313,3956.66,SUCCESS,2024-04-02 13:53:09
PAY0000231,TXN0000315,0.0,FAILED,2024-02-27 20:20:05
PAY0000232,TXN0000316,39.29,SUCCESS,2024-03-21 20:00:18
PAY0000233,TXN0000317,30156.12,SUCCESS,2024-01-11 11:46:25
PAY0000234,TXN0000319,103.04,SUCCESS,2024-11-13 09:42:47
PAY0000235,TXN0000320,1.96,SUCCESS,2024-01-23 04:12:37
PAY0000236,TXN0000321,4677.82,SUCCESS,2024-01-26 09:01:09
PAY0000237,TXN0000322,48.19,SUCCESS,2024-11-11 08:46:24
PAY0000238,TXN0000323,30945.36,SUCCESS,2024-10-18 05:36:06
PAY0000239,TXN0000324,1918.2,SUCCESS,2024-09-15 10:34:58
PAY0000240,TXN0000327,46304.68,SUCCESS,2024-05-15 12:14:22
PAY0000241,TXN0000329,1189.39,SUCCESS,2024-09-25 22:36:48
PAY0000242,TXN0000330,8828.55,SUCCESS,2024-07-20 19:06:14
PAY0000243,TXN0000331,1590.42,SUCCESS,2024-07-21 06:35:41
PAY0000244,TXN0000333,65.06,SUCCESS,2024-04-12 04:48:49
PAY0000245,TXN0000334,377.67,SUCCESS,2024-01-12 22:13:47
PAY0000246,TXN0000336,3.84,SUCCESS,2024-11-28 20:33:23
PAY0000247,TXN0000338,11176.73,FAILED,2024-07-17 00:35:33
PAY0000248,TXN0000339,111.31,SUCCESS,2024-08-06 19:21:50
PAY0000249,TXN0000340,1154.85,SUCCESS,2024-06-11 22:46:18
PAY0000250,TXN0000341,302.22,SUCCESS,2024-03-08 13:38:55
PAY0000251,TXN0000342,-33.31,SUCCESS,2024-09-08 10:12:50
PAY0000252,TXN0000343,39929.66,SUCCESS,2024-08-12 15:44:28
PAY0000253,TXN0000344,9.96,SUCCESS,2024-09-23 21:53:29
PAY0000254,TXN0000345,150.1,SUCCESS,2024-04-07 20:56:54
PAY0000255,TXN0000346,25415.63,SUCCESS,2024-04-02 22:34:42
PAY0000256,TXN0000347,7.37,SUCCESS,2024-02-16 21:41:04
PAY0000257,TXN0000348,89.44,SUCCESS,2024-03-28 18:56:00
PAY0000258,TXN0000350,313.69,SUCCESS,2024-02-10 00:16:41
PAY0000259,TXN0000351,13021.18,SUCCESS,2024-12-07 19:20:02
PAY0000260,TXN0000352,0.0,FAILED,2024-01-19 13:20:26
PAY0000261,TXN0000353,3330.4,SUCCESS,2024-09-25 12:39:04
PAY0000262,TXN0000354,253.23,SUCCESS,2024-05-12 19:59:16
PAY0000263,TXN0000355,2365.84,SUCCESS,2024-08-26 03:48:04
PAY0000264,TXN0000356,7.17,SUCCESS,2024-06-06 22:21:22
PAY0000265,TXN0000357,33224.02,SUCCESS,2024-06-22 15:59:01
PAY0000266,TXN0000358,458.93,SUCCESS,2024-10-11 12:37:19
PAY0000267,TXN0000359,25.5,PENDING,2024-04-05 09:50:44
PAY0000268,TXN0000360,5.34,SUCCESS,2024-01-20 02:28:41
PAY0000269,TXN0000361,25671.58,SUCCESS,2024-03-14 03:53:00
PAY0000270,TXN0000362,163.12,SUCCESS,2024-08-27 03:34:07
PAY0000271,TXN0000363,9606.89,SUCCESS,2024-12-09 10:10:37
PAY0000272,TXN0000364,1.26,SUCCESS,2024-03-28 19:35:11
PAY0000273,TXN0000365,228.46,PENDING,2024-04-01 18:45:30
PAY0000274,TXN0000366,385.58,SUCCESS,2024-12-23 21:20:19
PAY0000275,TXN0000369,9.38,SUCCESS,2024-10-05 05:43:27
PAY0000276,TXN0000370,3995.52,SUCCESS,2024-08-15 20:05:05
PAY0000277,TXN0000371,1380.5,SUCCESS,2024-03-16 14:34:43
PAY0000278,TXN0000372,40.58,SUCCESS,2024-11-09 12:54:50
PAY0000279,TXN0000373,2953.03,SUCCESS,2024-12-25 20:20:48
PAY0000280,TXN0000374,7.49,FAILED,2024-12-09 08:04:52
PAY0000281,TXN0000375,2792.37,SUCCESS,2024-08-21 22:39:28
PAY0000282,TXN0000377,0.0,FAILED,2024-08-26 22:56:42
PAY0000283,TXN0000378,1991.81,SUCCESS,2024-09-30 15:30:14
PAY0000284,TXN0000379,0.0,FAILED,2024-11-18 10:36:08
PAY0000285,TXN0000380,3825.35,SUCCESS,2024-05-20 00:47:52
PAY0000286,TXN0000381,3887.43,SUCCESS,2024-06-24 04:39:21
PAY0000287,TXN0000382,47671.33,SUCCESS,2024-01-28 03:03:35
PAY0000288,TXN0000383,197.18,SUCCESS,2024-09-28 00:19:31
PAY0000289,TXN0000384,0.0,FAILED,2024-06-20 09:16:43
PAY0000290,TXN0000385,0.0,FAILED,2024-12-10 09:00:31
PAY0000291,TXN0000387,2421.43,SUCCESS,2024-05-09 09:40:57
PAY0000292,TXN0000388,9.81,SUCCESS,2024-01-31 13:11:35
PAY0000293,TXN0000391,4986.57,PENDING,2024-03-03 11:22:41
PAY0000294,TXN0000392,8818.81,SUCCESS,2024-07-15 09:44:48
PAY0000295,TXN0000393,482.83,SUCCESS,2024-09-07 22:41:46
PAY0000296,TXN0000395,9378.15,SUCCESS,2024-05-04 04:00:17
PAY0000297,TXN0000398,1776.79,SUCCESS,2024-02-11 10:59:43
PAY0000298,TXN0000400,0.0,FAILED,2024-11-12 22:32:19
PAY0000299,TXN0000401,312.24,SUCCESS,2024-01-28 09:13:57
PAY0000300,TXN0000403,14727.43,SUCCESS,2024-04-12 12:04:59
PAY0000301,TXN0000405,52.37,SUCCESS,2024-11-22 05:37:03
PAY0000302,TXN0000407,5559.03,SUCCESS,2024-09-02 22:52:31
PAY0000303,TXN0000408,3126.47,SUCCESS,2024-01-09 13:11:10
PAY0000304,TXN0000410,189.14,FAILED,2024-01-29 19:56:13
PAY0000305,TXN0000411,479.96,SUCCESS,2024-10-03 21:48:31
PAY0000306,TXN0000412,2893.57,PENDING,2024-07-09 21:33:28
PAY0000307,TXN0000414,8.85,SUCCESS,2024-06-26 08:18:31
PAY0000308,TXN0000415,3052.63,SUCCESS,2024-09-05 22:34:16
PAY0000309,TXN0000416,12891.17,SUCCESS,2024-06-29 10:40:16
PAY0000310,TXN0000417,356.5,SUCCESS,2024-10-21 13:23:54
PAY0000311,TXN0000418,27833.41,SUCCESS,2024-09-12 14:59:27
PAY0000312,TXN0000419,7.1,SUCCESS,2024-06-22 23:31:17
PAY0000313,TXN0000420,0.0,FAILED,2024-06-16 12:37:39
PAY0000314,TXN0000422,0.0,FAILED,2024-04-20 14:47:31
PAY0000315,TXN0000423,5297.85,SUCCESS,2024-08-31 16:21:31
PAY0000316,TXN0000424,8.44,SUCCESS,2024-04-05 09:36:06
PAY0000317,TXN0000425,45805.69,SUCCESS,2024-03-19 21:08:14
PAY0000318,TXN0000426,10381.27,SUCCESS,2024-10-24 20:55:33
PAY0000319,TXN0000427,4.25,FAILED,2024-06-12 10:22:20
PAY0000320,TXN0000429,211.88,SUCCESS,2024-03-14 22:18:31
PAY0000321,TXN0000430,45037.69,SUCCESS,2024-02-29 00:30:37
PAY0000322,TXN0000431,112.82,SUCCESS,2024-04-23 10:44:40
PAY0000323,TXN0000433,32586.7,SUCCESS,2024-01-15 13:37:48
PAY0000324,TXN0000434,2.93,SUCCESS,2024-05-24 22:01:30
PAY0000325,TXN0000435,3926.34,SUCCESS,2024-04-02 12:27:38
PAY0000326,TXN0000436,370.73,FAILED,2024-02-12 09:24:22
PAY0000327,TXN0000437,3582.75,SUCCESS,2024-04-01 21:43:37
PAY0000328,TXN0000440,844.33,SUCCESS,2024-04-01 19:09:24
PAY0000329,TXN0000441,2436.83,SUCCESS,2024-10-04 22:34:46
PAY0000330,TXN0000443,2087.44,SUCCESS,2024-09-16 13:31:40
PAY0000331,TXN0000444,211.85,SUCCESS,2024-11-16 09:27:29
PAY0000332,TXN0000449,26028.29,SUCCESS,2024-11-17 05:37:06
PAY0000333,TXN0000450,423.62,SUCCESS,2024-08-24 10:47:53
PAY0000334,TXN0000452,427.74,SUCCESS,2024-05-12 08:43:15
PAY0000335,TXN0000453,78.87,FAILED,2024-12-09 02:25:55
PAY0000336,TXN0000455,24070.16,SUCCESS,2024-05-10 01:32:03
PAY0000337,TXN0000456,46285.58,SUCCESS,2024-11-26 19:03:00
PAY0000338,TXN0000457,202.56,SUCCESS,2024-09-30 14:24:42
PAY0000339,TXN0000458,8.02,SUCCESS,2024-11-25 08:18:08
PAY0000340,TXN0000459,408.58,FAILED,2024-12-23 09:22:41
PAY0000341,TXN0000460,2.42,SUCCESS,2024-01-02 13:20:50
PAY0000342,TXN0000461,44437.55,SUCCESS,2024-03-09 19:51:20
PAY0000343,TXN0000462,304.19,SUCCESS,2024-05-14 05:03:34
PAY0000344,TXN0000463,0.0,FAILED,2024-03-01 12:13:04
PAY0000345,TXN0000464,131.68,SUCCESS,2024-03-15 13:15:53
PAY0000346,TXN0000466,16748.96,SUCCESS,2024-06-03 21:23:47
PAY0000347,TXN0000467,1764.5,SUCCESS,2024-03-13 19:02:17
PAY0000348,TXN0000469,27184.48,SUCCESS,2024-08-11 21:02:30
PAY0000349,TXN0000471,465.28,SUCCESS,2024-05-25 21:08:03
PAY0000350,TXN0000472,49991.95,PENDING,2024-10-31 10:03:37
PAY0000351,TXN0000473,127.64,SUCCESS,2024-10-07 12:05:52
PAY0000352,TXN0000475,681.97,SUCCESS,2024-02-16 11:39:35
PAY0000353,TXN0000476,82.82,PENDING,2024-05-28 10:03:38
PAY0000354,TXN0000477,21023.91,SUCCESS,2024-09-19 20:26:46
PAY0000355,TXN0000478,2524.77,SUCCESS,2024-01-24 13:21:11
PAY0000356,TXN0000480,9.73,SUCCESS,2024-03-05 12:08:23
PAY0000357,TXN0000481,4560.87,SUCCESS,2024-02-14 21:09:37
PAY0000358,TXN0000483,1705.32,SUCCESS,2024-04-28 16:01:33
PAY0000359,TXN0000484,35823.83,SUCCESS,2024-01-11 12:30:31
PAY0000360,TXN0000485,377.13,SUCCESS,2024-08-29 05:39:49
PAY0000361,TXN0000487,32.87,SUCCESS,2024-10-14 13:22:09
PAY0000362,TXN0000488,59.92,SUCCESS,2024-02-26 19:39:57
PAY0000363,TXN0000489,1053.43,PENDING,2024-09-16 09:12:01
PAY0000364,TXN0000492,42215.16,SUCCESS,2024-08-02 22:55:49
PAY0000365,TXN0000493,22549.71,SUCCESS,2024-12-23 20:49:33
PAY0000366,TXN0000494,1664.11,SUCCESS,2024-09-23 10:01:25
PAY0000367,TXN0000495,15624.38,SUCCESS,2024-03-04 09:28:50
PAY0000368,TXN0000496,9735.21,SUCCESS,2024-12-07 22:36:49
PAY0000369,TXN0000497,851.33,SUCCESS,2024-07-29 08:28:20
PAY0000370,TXN0000498,80.73,SUCCESS,2024-08-13 15:47:04
PAY0000371,TXN0000501,37401.51,SUCCESS,2024-01-23 13:37:11
PAY0000372,TXN0000502,2242.56,SUCCESS,2024-03-17 10:05:55
PAY0000373,TXN0000503,47982.57,SUCCESS,2024-10-19 22:19:58
PAY0000374,TXN0000505,21.79,SUCCESS,2024-09-08 00:21:58
PAY0000375,TXN0000506,9.65,SUCCESS,2024-02-15 20:43:46
PAY0000376,TXN0000511,14488.26,FAILED,2024-06-02 09:53:28
PAY0000377,TXN0000512,170.94,SUCCESS,2024-12-05 10:14:11
PAY0000378,TXN0000515,17480.64,SUCCESS,2024-05-23 12:00:14
PAY0000379,TXN0000516,6040.29,SUCCESS,2024-02-03 12:56:53
PAY0000380,TXN0000517,39155.98,SUCCESS,2024-06-14 20:17:19
PAY0000381,TXN0000520,446.14,SUCCESS,2024-10-23 08:58:43
PAY0000382,TXN0000521,40436.37,SUCCESS,2024-10-13 20:25:40
PAY0000383,TXN0000522,9621.03,SUCCESS,2024-06-22 21:50:23
PAY0000384,TXN0000526,1575.59,SUCCESS,2024-04-22 20:14:48
PAY0000385,TXN0000527,105.26,SUCCESS,2024-02-07 22:07:13
PAY0000386,TXN0000528,8.59,SUCCESS,2024-06-22 07:11:55
PAY0000387,TXN0000529,4896.96,SUCCESS,2024-06-05 19:51:50
PAY0000388,TXN0000531,0.0,FAILED,2024-04-17 15:50:49
PAY0000389,TXN0000532,206.46,PENDING,2024-09-26 22:36:09
PAY0000390,TXN0000534,165.34,SUCCESS,2024-08-06 20:26:38
PAY0000391,TXN0000536,31097.92,PENDING,2024-01-05 09:55:26
PAY0000392,TXN0000538,543.57,SUCCESS,2024-10-12 10:37:12
PAY0000393,TXN0000539,33342.77,SUCCESS,2024-10-27 08:59:40
PAY0000394,TXN0000540,159.28,SUCCESS,2024-04-06 19:36:53
PAY0000395,TXN0000542,26365.1,SUCCESS,2024-02-05 12:09:38
PAY0000396,TXN0000543,3061.53,SUCCESS,2024-03-14 20:38:54
PAY0000397,TXN0000544,22309.92,SUCCESS,2024-07-19 05:26:20
PAY0000398,TXN0000545,3750.84,SUCCESS,2024-05-20 17:19:19
PAY0000399,TXN0000546,1.24,SUCCESS,2024-07-28 13:13:51
PAY0000400,TXN0000547,3516.33,SUCCESS,2024-04-09 08:16:28
PAY0000401,TXN0000548,96.85,FAILED,2024-05-22 05:53:16
PAY0000402,TXN0000549,33565.57,SUCCESS,2024-04-01 08:58:07
PAY0000403,TXN0000551,92.26,SUCCESS,2024-04-22 03:52:31
PAY0000404,TXN0000552,0.0,FAILED,2024-08-07 12:06:27
PAY0000405,TXN0000553,29128.17,SUCCESS,2024-02-04 13:20:04
PAY0000406,TXN0000554,3238.4,SUCCESS,2024-06-19 19:55:15
PAY0000407,TXN0000556,6066.2,SUCCESS,2024-03-09 08:34:13
PAY0000408,TXN0000557,12.96,FAILED,2024-11-07 16:20:16
PAY0000409,TXN0000558,363.62,SUCCESS,2024-04-30 20:46:39
PAY0000410,TXN0000559,0.0,FAILED,2024-07-03 10:30:31
PAY0000411,TXN0000560,3029.64,SUCCESS,2024-10-10 08:25:11
PAY0000412,TXN0000561,4867.22,FAILED,2024-09-13 11:31:41
PAY0000413,TXN0000562,26987.98,SUCCESS,2024-10-16 20:17:26
PAY0000414,TXN0000563,3404.0,SUCCESS,2024-05-04 19:41:22
PAY0000415,TXN0000564,2833.42,FAILED,2024-11-25 12:25:56
PAY0000416,TXN0000565,991.73,SUCCESS,2024-10-27 20:49:37
PAY0000417,TXN0000566,214.25,SUCCESS,2024-09-08 09:50:15
PAY0000418,TXN0000567,2.64,SUCCESS,2024-08-18 06:11:30
PAY0000419,TXN0000568,1.27,SUCCESS,2024-02-10 20:07:22
PAY0000420,TXN0000570,38.05,SUCCESS,2024-06-10 11:42:44
PAY0000421,TXN0000571,332.85,SUCCESS,2024-09-28 12:23:34
PAY0000422,TXN0000573,361.17,SUCCESS,2024-12-30 22:57:12
PAY0000423,TXN0000574,24570.2,SUCCESS,2024-12-05 12:13:13
PAY0000424,TXN0000577,1354.36,SUCCESS,2024-06-09 18:47:31
PAY0000425,TXN0000579,27276.15,SUCCESS,2024-09-14 03:18:16
PAY0000426,TXN0000580,49597.84,SUCCESS,2024-04-01 23:26:01
PAY0000427,TXN0000581,2966.05,SUCCESS,2024-02-06 13:19:13
PAY0000428,TXN0000583,262.56,SUCCESS,2024-01-29 21:11:27
PAY0000429,TXN0000584,4078.96,SUCCESS,2024-09-07 10:42:14
PAY0000430,TXN0000585,3140.83,SUCCESS,2024-02-29 21:41:46
PAY0000431,TXN0000586,23239.87,SUCCESS,2024-06-01 03:20:09
PAY0000432,TXN0000587,98.17,SUCCESS,2024-04-16 03:12:20
PAY0000433,TXN0000588,276.77,SUCCESS,2024-01-18 09:33:02
PAY0000434,TXN0000589,182.54,SUCCESS,2024-10-22 19:34:08
PAY0000435,TXN0000590,2399.07,SUCCESS,2024-03-09 06:37:32
PAY0000436,TXN0000591,3635.61,SUCCESS,2024-12-21 12:05:22
PAY0000437,TXN0000592,7968.17,SUCCESS,2024-08-10 12:04:56
PAY0000438,TXN0000593,44398.04,SUCCESS,2024-02-20 12:24:42
PAY0000439,TXN0000594,4049.36,SUCCESS,2024-01-25 20:11:31
PAY0000440,TXN0000596,441.88,SUCCESS,2024-08-27 13:28:17
PAY0000441,TXN0000597,4137.56,SUCCESS,2024-02-17 08:06:30
PAY0000442,TXN0000598,359.94,SUCCESS,2024-07-26 12:59:17
PAY0000443,TXN0000599,189.85,FAILED,2024-12-11 16:57:25
PAY0000444,TXN0000600,510.05,FAILED,2024-10-03 03:18:35
PAY0000445,TXN0000601,4505.88,SUCCESS,2024-01-30 21:21:28
PAY0000446,TXN0000602,2618.14,SUCCESS,2024-07-29 21:00:16
PAY0000447,TXN0000603,341.2,SUCCESS,2024-03-23 20:00:56
PAY0000448,TXN0000604,3567.81,SUCCESS,2024-09-02 08:07:35
PAY0000449,TXN0000605,24334.93,SUCCESS,2024-03-05 22:01:01
PAY0000450,TXN0000606,16858.88,SUCCESS,2024-08-07 10:46:43
PAY0000451,TXN0000607,69.03,SUCCESS,2024-04-06 18:41:04
PAY0000452,TXN0000608,40.06,SUCCESS,2024-07-27 12:14:50
PAY0000453,TXN0000609,1760.72,SUCCESS,2024-04-03 08:43:16
PAY0000454,TXN0000610,38431.94,SUCCESS,2024-12-08 22:50:26
PAY0000455,TXN0000611,30.11,SUCCESS,2024-02-14 04:41:31
PAY0000456,TXN0000613,18034.54,SUCCESS,2024-08-02 22:50:20
PAY0000457,TXN0000614,206.42,SUCCESS,2024-03-25 22:25:02
PAY0000458,TXN0000617,40018.37,SUCCESS,2024-07-01 13:11:33
PAY0000459,TXN0000618,25072.52,SUCCESS,2024-08-14 13:14:01
PAY0000460,TXN0000619,0.0,FAILED,2024-08-23 10:12:45
PAY0000461,TXN0000621,20227.55,SUCCESS,2024-05-17 08:50:11
PAY0000462,TXN0000623,35904.48,SUCCESS,2024-04-26 10:23:09
PAY0000463,TXN0000625,16943.04,SUCCESS,2024-11-15 11:56:29
PAY0000464,TXN0000626,3770.18,SUCCESS,2024-08-16 15:52:30
PAY0000465,TXN0000627,3442.79,SUCCESS,2024-12-21 19:50:46
PAY0000466,TXN0000628,1487.0,PENDING,2024-07-15 20:34:56
PAY0000467,TXN0000629,428.12,SUCCESS,2024-06-27 10:19:11
PAY0000468,TXN0000630,1.95,SUCCESS,2024-07-12 22:27:26
PAY0000469,TXN0000631,214.08,SUCCESS,2024-03-13 09:01:21
PAY0000470,TXN0000633,444.75,SUCCESS,2024-10-19 12:28:39
PAY0000471,TXN0000634,163.46,SUCCESS,2024-10-13 02:52:54
PAY0000472,TXN0000635,793.94,SUCCESS,2024-02-09 19:01:49
PAY0000473,TXN0000636,3.83,SUCCESS,2024-10-18 18:50:46
PAY0000474,TXN0000637,4.67,SUCCESS,2024-07-19 04:45:10
PAY0000475,TXN0000638,9198.09,SUCCESS,2024-09-01 01:18:15
PAY0000476,TXN0000640,4088.22,SUCCESS,2024-02-19 04:49:57
PAY0000477,TXN0000641,4937.64,SUCCESS,2024-10-22 09:04:21
PAY0000478,TXN0000642,1911.4,SUCCESS,2024-07-24 10:28:46
PAY0000479,TXN0000643,152.42,SUCCESS,2024-05-05 17:00:52
PAY0000480,TXN0000644,4817.97,SUCCESS,2024-11-24 21:06:29
PAY0000481,TXN0000645,277.09,SUCCESS,2024-04-18 15:07:50
PAY0000482,TXN0000647,-2.26,SUCCESS,2024-08-02 13:12:24
PAY0000483,TXN0000648,5446.92,SUCCESS,2024-08-31 10:44:29
PAY0000484,TXN0000649,0.0,FAILED,2024-01-08 21:59:13
PAY0000485,TXN0000650,91.39,SUCCESS,2024-01-19 12:27:25
PAY0000486,TXN0000651,20849.5,SUCCESS,2024-09-14 03:44:53
PAY0000487,TXN0000652,3598.48,SUCCESS,2024-03-31 05:34:49
PAY0000488,TXN0000653,24984.65,SUCCESS,2024-11-11 03:32:31
PAY0000489,TXN0000655,9.18,SUCCESS,2024-12-03 20:43:24
PAY0000490,TXN0000656,42254.91,SUCCESS,2024-06-20 20:16:05
PAY0000491,TXN0000657,4293.64,SUCCESS,2024-08-11 10:32:10
PAY0000492,TXN0000658,276.4,SUCCESS,2024-01-06 18:09:27
PAY0000493,TXN0000659,209.96,SUCCESS,2024-06-01 12:47:06
PAY0000494,TXN0000660,5.45,SUCCESS,2024-02-24 13:57:15
PAY0000495,TXN0000661,445.96,SUCCESS,2024-09-06 02:13:51
PAY0000496,TXN0000663,470.53,SUCCESS,2024-04-21 10:14:34
PAY0000497,TXN0000664,4307.16,SUCCESS,2024-08-11 20:59:24
PAY0000498,TXN0000665,166.19,SUCCESS,2024-08-09 13:39:21
PAY0000499,TXN0000666,326.1,SUCCESS,2024-09-18 20:19:06
PAY0000500,TXN0000667,14.72,SUCCESS,2024-04-20 11:10:01
PAY0000501,TXN0000668,8367.09,SUCCESS,2024-09-26 22:17:51
PAY0000502,TXN0000669,22228.59,SUCCESS,2024-09-09 13:26:36
PAY0000503,TXN0000670,6.8,SUCCESS,2024-07-25 22:59:18
PAY0000504,TXN0000671,3.69,SUCCESS,2024-07-23 19:32:02
PAY0000505,TXN0000673,310.25,SUCCESS,2024-02-26 13:04:20
PAY0000506,TXN0000674,17624.37,SUCCESS,2024-11-22 09:33:57
PAY0000507,TXN0000675,5.45,SUCCESS,2024-12-03 06:44:15
PAY0000508,TXN0000676,34488.02,PENDING,2024-02-23 22:37:08
PAY0000509,TXN0000677,3097.59,SUCCESS,2024-07-23 13:27:15
PAY0000510,TXN0000678,464.19,SUCCESS,2024-01-15 22:28:46
PAY0000511,TXN0000682,481.5,FAILED,2024-12-14 10:22:09
PAY0000512,TXN0000683,1.16,SUCCESS,2024-10-25 12:30:12
PAY0000513,TXN0000684,1658.03,SUCCESS,2024-06-04 10:28:57
PAY0000514,TXN0000686,44471.48,FAILED,2024-07-03 09:12:59
PAY0000515,TXN0000687,5.68,SUCCESS,2024-10-28 13:19:44
PAY0000516,TXN0000689,0.0,FAILED,2024-08-20 13:52:42
PAY0000517,TXN0000690,1808.61,SUCCESS,2024-02-14 04:46:26
PAY0000518,TXN0000691,168.02,SUCCESS,2024-06-03 05:36:59
PAY0000519,TXN0000692,9321.9,SUCCESS,2024-06-01 20:29:39
PAY0000520,TXN0000694,236.78,SUCCESS,2024-01-28 12:08:31
PAY0000521,TXN0000695,7.66,FAILED,2024-05-28 22:22:06
PAY0000522,TXN0000696,33270.78,SUCCESS,2024-10-14 15:08:19
PAY0000523,TXN0000697,610.95,SUCCESS,2024-03-19 03:33:26
PAY0000524,TXN0000698,41834.75,SUCCESS,2024-11-09 21:39:52
PAY0000525,TXN0000699,3639.44,SUCCESS,2024-05-28 18:31:56
PAY0000526,TXN0000700,313.74,FAILED,2024-01-06 01:41:46
PAY0000527,TXN0000701,12.3,SUCCESS,2024-06-27 16:25:04
PAY0000528,TXN0000702,3403.1,SUCCESS,2024-05-22 21:20:35
PAY0000529,TXN0000704,4650.69,SUCCESS,2024-02-23 05:47:23
PAY0000530,TXN0000705,1398.8,SUCCESS,2024-03-30 21:24:42
PAY0000531,TXN0000707,4340.4,SUCCESS,2024-04-16 15:32:31
PAY0000532,TXN0000709,4513.14,SUCCESS,2024-09-22 16:20:09
PAY0000533,TXN0000710,4605.44,SUCCESS,2024-01-31 22:53:22
PAY0000534,TXN0000711,0.0,FAILED,2024-11-02 02:56:38
PAY0000535,TXN0000712,35687.35,SUCCESS,2024-01-11 00:49:54
PAY0000536,TXN0000713,449.6,SUCCESS,2024-08-08 17:08:27
PAY0000537,TXN0000714,17.3,SUCCESS,2024-04-26 22:36:17
PAY0000538,TXN0000715,1050.69,FAILED,2024-11-04 07:18:18
PAY0000539,TXN0000717,0.0,FAILED,2024-03-11 16:14:28
PAY0000540,TXN0000719,7.87,SUCCESS,2024-12-03 08:42:59
PAY0000541,TXN0000721,4994.63,PENDING,2024-05-01 08:19:39
PAY0000542,TXN0000722,4262.0,SUCCESS,2024-11-30 19:00:47
PAY0000543,TXN0000723,85.36,SUCCESS,2024-11-22 06:26:40
PAY0000544,TXN0000724,0.0,FAILED,2024-11-18 08:14:17
PAY0000545,TXN0000725,3.11,SUCCESS,2024-12-13 11:34:59
PAY0000546,TXN0000727,614.91,SUCCESS,2024-11-14 19:02:50
PAY0000547,TXN0000729,1711.32,SUCCESS,2024-09-27 19:31:02
PAY0000548,TXN0000730,34399.85,SUCCESS,2024-12-20 20:23:49
PAY0000549,TXN0000731,23382.63,SUCCESS,2024-12-11 04:39:01
PAY0000550,TXN0000733,2015.64,SUCCESS,2024-08-04 20:44:49
PAY0000551,TXN0000734,151.75,SUCCESS,2024-08-17 20:29:08
PAY0000552,TXN0000735,364.04,SUCCESS,2024-12-11 12:20:54
PAY0000553,TXN0000737,470.21,SUCCESS,2024-05-27 21:15:17
PAY0000554,TXN0000738,0.0,FAILED,2024-01-15 01:57:42
PAY0000555,TXN0000739,227.76,SUCCESS,2024-05-31 22:46:05
PAY0000556,TXN0000740,8333.98,FAILED,2024-02-08 22:21:37
PAY0000557,TXN0000741,472.15,SUCCESS,2024-11-20 07:08:48
PAY0000558,TXN0000744,1021.19,SUCCESS,2024-02-27 09:26:39
PAY0000559,TXN0000745,23405.26,SUCCESS,2024-11-03 12:01:50
PAY0000560,TXN0000747,46050.29,SUCCESS,2024-03-07 00:46:27
PAY0000561,TXN0000748,402.63,FAILED,2024-03-21 12:55:52
PAY0000562,TXN0000750,42361.32,SUCCESS,2024-02-13 22:47:04
PAY0000563,TXN0000753,367.49,SUCCESS,2024-07-08 09:41:54
PAY0000564,TXN0000754,5.44,SUCCESS,2024-09-24 18:48:31
PAY0000565,TXN0000755,1863.69,SUCCESS,2024-01-03 12:48:59
PAY0000566,TXN0000757,1719.98,SUCCESS,2024-07-23 09:27:37
PAY0000567,TXN0000758,46718.58,SUCCESS,2024-11-10 11:34:14
PAY0000568,TXN0000761,2850.43,SUCCESS,2024-02-22 08:11:23
PAY0000569,TXN0000762,311.31,SUCCESS,2024-04-17 12:13:27
PAY0000570,TXN0000763,20974.62,SUCCESS,2024-06-16 09:15:45
PAY0000571,TXN0000765,218.76,SUCCESS,2024-08-05 22:57:01
PAY0000572,TXN0000766,34124.82,SUCCESS,2024-06-17 19:58:50
PAY0000573,TXN0000769,207.55,SUCCESS,2024-12-29 19:33:40
PAY0000574,TXN0000771,7.57,SUCCESS,2024-10-16 02:08:18
PAY0000575,TXN0000773,1396.51,SUCCESS,2024-04-01 19:26:46
PAY0000576,TXN0000774,665.29,SUCCESS,2024-06-27 16:28:55
PAY0000577,TXN0000776,167.96,FAILED,2024-10-27 20:42:56
PAY0000578,TXN0000777,8.28,SUCCESS,2024-06-05 22:12:33
PAY0000579,TXN0000779,0.0,FAILED,2024-09-19 13:56:48
PAY0000580,TXN0000780,442.65,SUCCESS,2024-08-22 21:00:46
PAY0000581,TXN0000781,1456.21,SUCCESS,2024-01-03 19:07:11
PAY0000582,TXN0000782,2272.33,SUCCESS,2024-07-23 09:53:08
PAY0000583,TXN0000783,378.33,SUCCESS,2024-07-07 22:52:03
PAY0000584,TXN0000784,2644.3,SUCCESS,2024-07-15 13:09:31
PAY0000585,TXN0000785,1935.62,SUCCESS,2024-12-17 20:56:10
PAY0000586,TXN0000787,2547.45,SUCCESS,2024-03-17 13:13:03
PAY0000587,TXN0000788,3.41,SUCCESS,2024-05-09 13:49:56
PAY0000588,TXN0000789,95.86,SUCCESS,2024-11-01 08:35:23
PAY0000589,TXN0000791,48.85,SUCCESS,2024-01-12 13:47:02
PAY0000590,TXN0000792,2757.03,SUCCESS,2024-04-20 13:18:22
PAY0000591,TXN0000793,488.19,SUCCESS,2024-07-31 08:18:13
PAY0000592,TXN0000794,2032.68,SUCCESS,2024-11-21 17:25:10
PAY0000593,TXN0000795,3341.23,FAILED,2024-12-10 20:02:51
PAY0000594,TXN0000798,33629.56,FAILED,2024-11-02 19:40:16
PAY0000595,TXN0000799,8.47,SUCCESS,2024-08-18 10:25:32
PAY0000596,TXN0000801,397.04,SUCCESS,2024-12-16 19:02:23
PAY0000597,TXN0000802,235.98,SUCCESS,2024-06-14 09:57:19
PAY0000598,TXN0000803,7.09,SUCCESS,2024-05-05 09:01:22
PAY0000599,TXN0000804,41524.81,FAILED,2024-11-06 17:45:13
PAY0000600,TXN0000805,92.79,FAILED,2024-03-15 18:48:55
PAY0000601,TXN0000806,0.0,FAILED,2024-05-05 10:18:49
PAY0000602,TXN0000808,21387.28,PENDING,2024-05-11 00:58:29
PAY0000603,TXN0000809,3417.69,SUCCESS,2024-10-27 10:33:54
PAY0000604,TXN0000810,27445.56,SUCCESS,2024-04-15 13:39:07
PAY0000605,TXN0000812,0.0,FAILED,2024-12-19 07:14:54
PAY0000606,TXN0000813,2916.2,SUCCESS,2024-02-01 12:38:04
PAY0000607,TXN0000816,2444.07,SUCCESS,2024-09-06 22:30:35
PAY0000608,TXN0000818,4008.9,SUCCESS,2024-11-08 10:34:14
PAY0000609,TXN0000819,4729.94,SUCCESS,2024-06-10 20:37:01
PAY0000610,TXN0000820,19655.83,SUCCESS,2024-04-16 08:19:35
PAY0000611,TXN0000822,1104.28,SUCCESS,2024-11-23 22:23:41
PAY0000612,TXN0000823,41778.95,SUCCESS,2024-10-14 12:20:55
PAY0000613,TXN0000825,4980.45,SUCCESS,2024-01-25 01:59:09
PAY0000614,TXN0000827,4015.01,SUCCESS,2024-03-18 02:11:44
PAY0000615,TXN0000828,28956.39,SUCCESS,2024-01-05 20:09:28
PAY0000616,TXN0000829,0.0,FAILED,2024-06-06 08:34:45
PAY0000617,TXN0000830,1117.9,SUCCESS,2024-08-05 08:00:10
PAY0000618,TXN0000831,27801.65,FAILED,2024-08-12 12:49:34
PAY0000619,TXN0000832,244.21,SUCCESS,2024-06-11 12:05:52
PAY0000620,TXN0000833,6.79,SUCCESS,2024-02-03 13:15:06
PAY0000621,TXN0000834,240.21,FAILED,2024-03-31 04:33:27
PAY0000622,TXN0000835,98.99,SUCCESS,2024-03-30 04:48:00
PAY0000623,TXN0000836,23344.44,SUCCESS,2024-01-15 10:02:09
PAY0000624,TXN0000838,42399.02,SUCCESS,2024-05-11 22:24:21
PAY0000625,TXN0000839,1330.82,SUCCESS,2024-02-18 09:57:01
PAY0000626,TXN0000840,376.49,SUCCESS,2024-07-10 18:48:12
PAY0000627,TXN0000841,4176.45,SUCCESS,2024-06-14 21:31:20
PAY0000628,TXN0000842,4423.87,SUCCESS,2024-12-01 10:22:03
PAY0000629,TXN0000843,1000.12,SUCCESS,2024-11-24 22:08:15
PAY0000630,TXN0000845,343.39,SUCCESS,2024-12-21 16:10:48
PAY0000631,TXN0000846,167.74,SUCCESS,2024-07-24 22:27:19
PAY0000632,TXN0000847,384.65,SUCCESS,2024-01-31 04:09:31
PAY0000633,TXN0000849,42000.82,SUCCESS,2024-09-23 09:50:23
PAY0000634,TXN0000850,4443.09,SUCCESS,2024-07-14 08:08:06
PAY0000635,TXN0000853,58.3,SUCCESS,2024-01-22 18:54:35
PAY0000636,TXN0000855,2554.8,SUCCESS,2024-11-18 03:19:38
PAY0000637,TXN0000856,3968.64,FAILED,2024-08-22 20:17:05
PAY0000638,TXN0000857,23272.94,SUCCESS,2024-11-11 12:21:32
PAY0000639,TXN0000858,10016.63,SUCCESS,2024-06-28 21:57:54
PAY0000640,TXN0000859,6.38,SUCCESS,2024-07-22 02:12:19
PAY0000641,TXN0000860,444.85,SUCCESS,2024-03-09 03:55:26
PAY0000642,TXN0000861,0.0,FAILED,2024-01-14 12:16:04
PAY0000643,TXN0000862,38605.68,SUCCESS,2024-07-30 22:37:49
PAY0000644,TXN0000863,354.19,SUCCESS,2024-02-09 04:20:59
PAY0000645,TXN0000865,2094.86,SUCCESS,2024-10-13 11:31:30
PAY0000646,TXN0000866,40928.74,SUCCESS,2024-07-21 21:20:08
PAY0000647,TXN0000867,37867.12,SUCCESS,2024-12-30 18:08:27
PAY0000648,TXN0000870,3.94,PENDING,2024-12-15 10:02:10
PAY0000649,TXN0000871,3574.31,SUCCESS,2024-11-21 05:34:43
PAY0000650,TXN0000872,1902.49,SUCCESS,2024-01-16 17:57:34
PAY0000651,TXN0000873,47480.5,SUCCESS,2024-11-04 19:30:25
PAY0000652,TXN0000874,45935.06,SUCCESS,2024-04-06 01:22:17
PAY0000653,TXN0000875,4749.11,SUCCESS,2024-10-06 09:20:31
PAY0000654,TXN0000876,345.19,SUCCESS,2024-11-08 21:50:53
PAY0000655,TXN0000877,4197.75,SUCCESS,2024-09-30 13:24:43
PAY0000656,TXN0000878,2.83,SUCCESS,2024-08-22 07:46:02
PAY0000657,TXN0000879,4240.87,SUCCESS,2024-12-18 13:01:24
PAY0000658,TXN0000881,22796.08,SUCCESS,2024-05-22 06:53:14
PAY0000659,TXN0000882,47989.27,SUCCESS,2024-02-29 21:04:54
PAY0000660,TXN0000883,475.6,SUCCESS,2024-02-25 12:53:19
PAY0000661,TXN0000884,224.67,FAILED,2024-07-17 09:15:40
PAY0000662,TXN0000886,1224.94,SUCCESS,2024-01-13 02:53:30
PAY0000663,TXN0000887,967.07,SUCCESS,2024-11-12 23:59:40
PAY0000664,TXN0000888,17711.08,SUCCESS,2024-10-15 08:42:20
PAY0000665,TXN0000889,1790.89,SUCCESS,2024-11-21 10:29:50
PAY0000666,TXN0000890,3319.25,SUCCESS,2024-01-22 22:54:27
PAY0000667,TXN0000892,0.0,FAILED,2024-04-19 21:06:41
PAY0000668,TXN0000896,1032.98,SUCCESS,2024-05-28 22:11:02
PAY0000669,TXN0000897,1.35,SUCCESS,2024-02-28 04:59:07
PAY0000670,TXN0000899,35100.67,SUCCESS,2024-03-10 21:26:01
PAY0000671,TXN0000900,104.09,SUCCESS,2024-11-14 13:10:37
PAY0000672,TXN0000901,6411.82,SUCCESS,2024-08-09 13:47:57
PAY0000673,TXN0000902,4341.32,SUCCESS,2024-07-13 13:45:01
PAY0000674,TXN0000903,7.0,SUCCESS,2024-05-24 21:59:26
PAY0000675,TXN0000904,37539.82,SUCCESS,2024-03-31 10:37:01
PAY0000676,TXN0000905,49.77,SUCCESS,2024-11-09 10:13:25
PAY0000677,TXN0000906,0.0,FAILED,2024-11-16 21:52:22
PAY0000678,TXN0000909,360.89,SUCCESS,2024-01-31 13:06:11
PAY0000679,TXN0000910,249.65,SUCCESS,2024-08-18 21:23:54
PAY0000680,TXN0000911,1139.37,SUCCESS,2024-06-15 12:30:29
PAY0000681,TXN0000912,1476.47,SUCCESS,2024-08-10 21:57:21
PAY0000682,TXN0000913,307.34,SUCCESS,2024-06-04 17:17:49
PAY0000683,TXN0000914,214.01,SUCCESS,2024-11-07 12:33:51
PAY0000684,TXN0000915,4866.94,SUCCESS,2024-09-28 19:52:14
PAY0000685,TXN0000916,40171.78,SUCCESS,2024-05-23 18:50:48
PAY0000686,TXN0000917,25821.02,SUCCESS,2024-01-10 09:25:04
PAY0000687,TXN0000919,0.0,FAILED,2024-11-26 09:18:54
PAY0000688,TXN0000920,6.8,SUCCESS,2024-06-01 10:18:07
PAY0000689,TXN0000922,614.59,SUCCESS,2024-06-16 11:09:45
PAY0000690,TXN0000925,120.5,SUCCESS,2024-11-26 00:04:19
PAY0000691,TXN0000926,6805.85,SUCCESS,2024-01-10 13:31:32
PAY0000692,TXN0000928,137.57,SUCCESS,2024-04-13 08:21:13
PAY0000693,TXN0000929,38627.29,SUCCESS,2024-01-22 09:48:07
PAY0000694,TXN0000930,2001.91,SUCCESS,2024-10-17 08:13:48
PAY0000695,TXN0000931,399.55,SUCCESS,2024-11-04 15:31:01
PAY0000696,TXN0000934,7847.77,SUCCESS,2024-08-21 18:45:10
PAY0000697,TXN0000935,783.55,SUCCESS,2024-08-09 13:11:24
PAY0000698,TXN0000936,43564.92,SUCCESS,2024-04-06 21:51:07
PAY0000699,TXN0000937,3767.89,SUCCESS,2024-11-02 21:34:31
PAY0000700,TXN0000939,5.56,SUCCESS,2024-08-18 21:11:33
PAY0000701,TXN0000940,2838.06,SUCCESS,2024-12-20 20:56:09
PAY0000702,TXN0000942,3627.22,SUCCESS,2024-01-01 16:51:33
PAY0000703,TXN0000943,1640.45,SUCCESS,2024-01-16 12:12:07
PAY0000704,TXN0000945,196.18,SUCCESS,2024-12-18 11:44:13
PAY0000705,TXN0000946,1894.16,SUCCESS,2024-08-20 19:16:10
PAY0000706,TXN0000947,29104.83,SUCCESS,2024-09-16 22:12:01
PAY0000707,TXN0000950,2383.81,SUCCESS,2024-12-23 22:58:19
PAY0000708,TXN0000952,284.24,SUCCESS,2024-02-04 21:12:19
PAY0000709,TXN0000953,8.92,SUCCESS,2024-02-27 13:37:38
PAY0000710,TXN0000955,1681.11,SUCCESS,2024-05-06 13:54:07
PAY0000711,TXN0000956,44993.49,SUCCESS,2024-11-06 07:48:03
PAY0000712,TXN0000957,3978.13,SUCCESS,2024-11-03 09:35:38
PAY0000713,TXN0000958,36286.23,SUCCESS,2024-06-06 15:33:12
PAY0000714,TXN0000959,3331.05,SUCCESS,2024-12-20 19:35:04
PAY0000715,TXN0000960,0.0,FAILED,2024-06-27 06:52:30
PAY0000716,TXN0000961,1049.67,SUCCESS,2024-12-30 19:13:52
PAY0000717,TXN0000962,266.27,SUCCESS,2024-07-10 21:45:36
PAY0000718,TXN0000963,145.77,SUCCESS,2024-05-10 14:59:47
PAY0000719,TXN0000964,497.15,SUCCESS,2024-06-09 10:07:33
PAY0000720,TXN0000965,362.59,SUCCESS,2024-12-04 00:07:38
PAY0000721,TXN0000966,197.8,SUCCESS,2024-10-10 07:11:17
PAY0000722,TXN0000967,447.02,FAILED,2024-05-06 07:15:44
PAY0000723,TXN0000968,2230.14,SUCCESS,2024-02-21 13:46:13
PAY0000724,TXN0000969,36655.54,SUCCESS,2024-06-13 22:39:30
PAY0000725,TXN0000970,48229.48,SUCCESS,2024-06-29 12:45:21
PAY0000726,TXN0000971,4591.35,SUCCESS,2024-07-18 11:24:37
PAY0000727,TXN0000974,471.59,SUCCESS,2024-10-20 23:11:46
PAY0000728,TXN0000975,466.75,SUCCESS,2024-08-24 11:46:18
PAY0000729,TXN0000977,22775.76,SUCCESS,2024-02-04 04:01:03
PAY0000730,TXN0000978,663.88,SUCCESS,2024-05-08 20:10:35
PAY0000731,TXN0000979,25247.32,SUCCESS,2024-01-13 12:48:19
PAY0000732,TXN0000980,359.32,SUCCESS,2024-01-09 14:16:34
PAY0000733,TXN0000981,41949.24,SUCCESS,2024-06-28 20:56:43
PAY0000734,TXN0000983,26938.26,SUCCESS,2024-11-14 19:04:17
PAY0000735,TXN0000984,4617.48,SUCCESS,2024-12-04 23:47:17
PAY0000736,TXN0000986,45473.24,SUCCESS,2024-08-27 06:00:18
PAY0000737,TXN0000987,405.03,SUCCESS,2024-12-07 22:37:42
PAY0000738,TXN0000988,413.79,SUCCESS,2024-01-27 09:52:01
PAY0000739,TXN0000989,4677.84,FAILED,2024-08-02 09:05:17
PAY0000740,TXN0000990,0.0,FAILED,2024-06-19 03:19:19
PAY0000741,TXN0000992,46313.76,SUCCESS,2024-01-27 10:02:48
PAY0000742,TXN0000993,-13.37,SUCCESS,2024-02-21 09:03:00
PAY0000743,TXN0000994,3992.34,FAILED,2024-11-09 09:29:54
PAY0000744,TXN0000995,330.21,SUCCESS,2024-12-21 21:23:08
PAY0000745,TXN0000996,3752.46,SUCCESS,2024-01-19 09:09:50
PAY0000746,TXN0000998,4381.58,SUCCESS,2024-05-09 21:30:01
PAY0000747,TXN0001000,1.08,SUCCESS,2024-05-22 23:11:36
PAY0000748,TXN0001001,4359.98,SUCCESS,2024-09-04 16:12:23
PAY0000749,TXN0001002,700.31,SUCCESS,2024-08-20 18:35:25
PAY0000750,TXN0001006,9.38,SUCCESS,2024-02-10 12:30:07
PAY0000751,TXN0001007,36120.09,SUCCESS,2024-08-06 10:23:42
PAY0000752,TXN0001008,0.0,FAILED,2024-04-01 21:21:09
PAY0000753,TXN0001009,9.22,SUCCESS,2024-07-17 17:16:52
PAY0000754,TXN0001010,9652.0,SUCCESS,2024-09-02 20:22:26
PAY0000755,TXN0001011,4013.44,SUCCESS,2024-10-27 02:47:50
PAY0000756,TXN0001014,499.65,SUCCESS,2024-06-02 04:44:41
PAY0000757,TXN0001015,2.24,SUCCESS,2024-01-14 10:12:03
PAY0000758,TXN0001016,17443.17,PENDING,2024-06-19 09:15:48
PAY0000759,TXN0001017,55.55,SUCCESS,2024-02-21 01:20:18
PAY0000760,TXN0001018,284.98,SUCCESS,2024-07-03 09:16:27
PAY0000761,TXN0001020,31584.66,SUCCESS,2024-08-08 20:13:32
PAY0000762,TXN0001021,41639.65,SUCCESS,2024-01-01 12:37:32
PAY0000763,TXN0001022,37275.64,SUCCESS,2024-02-06 04:13:42
PAY0000764,TXN0001026,47683.19,SUCCESS,2024-09-02 10:02:31
PAY0000765,TXN0001027,0.0,FAILED,2024-05-19 16:51:25
PAY0000766,TXN0001029,22096.47,SUCCESS,2024-10-27 20:43:24
PAY0000767,TXN0001031,278.8,FAILED,2024-09-30 02:06:53
PAY0000768,TXN0001032,112.45,SUCCESS,2024-03-02 20:38:37
PAY0000769,TXN0001033,496.21,SUCCESS,2024-10-04 09:00:09
PAY0000770,TXN0001034,1.88,SUCCESS,2024-07-01 17:44:36
PAY0000771,TXN0001036,195.26,SUCCESS,2024-12-17 09:54:32
PAY0000772,TXN0001037,44772.29,SUCCESS,2024-07-31 12:44:54
PAY0000773,TXN0001039,26569.48,SUCCESS,2024-12-21 08:15:16
PAY0000774,TXN0001040,1586.73,SUCCESS,2024-03-05 08:32:59
PAY0000775,TXN0001041,33631.22,SUCCESS,2024-04-01 21:55:20
PAY0000776,TXN0001042,0.0,FAILED,2024-08-23 13:54:26
PAY0000777,TXN0001043,2.71,SUCCESS,2024-03-25 20:37:48
PAY0000778,TXN0001044,3405.23,SUCCESS,2024-03-17 10:25:08
PAY0000779,TXN0001046,269.72,SUCCESS,2024-06-25 02:24:12
PAY0000780,TXN0001048,3.41,SUCCESS,2024-11-15 16:11:35
PAY0000781,TXN0001050,30713.92,SUCCESS,2024-03-20 04:45:00
PAY0000782,TXN0001052,363.35,SUCCESS,2024-07-10 01:11:41
PAY0000783,TXN0001056,76.01,SUCCESS,2024-05-03 20:43:54
PAY0000784,TXN0001058,20023.34,SUCCESS,2024-07-31 10:54:06
PAY0000785,TXN0001059,1102.67,SUCCESS,2024-01-02 21:13:40
PAY0000786,TXN0001060,297.41,SUCCESS,2024-04-25 22:30:59
PAY0000787,TXN0001061,0.0,FAILED,2024-05-20 20:04:11
PAY0000788,TXN0001064,39337.34,SUCCESS,2024-08-08 10:28:09
PAY0000789,TXN0001065,1373.31,FAILED,2024-02-29 22:01:06
PAY0000790,TXN0001066,0.0,FAILED,2024-04-29 19:46:14
PAY0000791,TXN0001068,3541.59,SUCCESS,2024-12-02 22:41:48
PAY0000792,TXN0001069,444.8,SUCCESS,2024-03-16 09:18:15
PAY0000793,TXN0001071,45853.7,SUCCESS,2024-06-07 23:15:18
PAY0000794,TXN0001072,308.9,SUCCESS,2024-07-27 03:10:00
PAY0000795,TXN0001073,14748.44,SUCCESS,2024-02-17 12:36:46
PAY0000796,TXN0001074,2936.61,SUCCESS,2024-10-19 09:17:04
PAY0000797,TXN0001076,32294.02,SUCCESS,2024-01-25 12:33:39
PAY0000798,TXN0001077,1715.55,SUCCESS,2024-11-24 10:04:16
PAY0000799,TXN0001078,2999.59,SUCCESS,2024-03-12 13:42:20
PAY0000800,TXN0001079,496.86,SUCCESS,2024-05-14 22:44:00
PAY0000801,TXN0001080,498.09,PENDING,2024-02-25 09:33:09
PAY0000802,TXN0001082,693.51,SUCCESS,2024-03-27 10:03:23
PAY0000803,TXN0001083,236.97,SUCCESS,2024-02-22 22:07:04
PAY0000804,TXN0001086,125.62,SUCCESS,2024-08-20 08:26:08
PAY0000805,TXN0001087,496.15,SUCCESS,2024-04-02 19:21:15
PAY0000806,TXN0001088,288.25,SUCCESS,2024-02-07 10:05:15
PAY0000807,TXN0001090,28049.25,SUCCESS,2024-09-16 20:08:42
PAY0000808,TXN0001092,2727.04,SUCCESS,2024-07-13 19:05:06
PAY0000809,TXN0001093,6.79,SUCCESS,2024-03-07 12:32:31
PAY0000810,TXN0001094,22556.95,SUCCESS,2024-07-07 13:56:21
PAY0000811,TXN0001095,13215.02,SUCCESS,2024-03-26 22:11:59
PAY0000812,TXN0001096,292.27,SUCCESS,2024-04-05 20:08:52
PAY0000813,TXN0001097,4694.73,SUCCESS,2024-02-10 10:12:06
PAY0000814,TXN0001098,977.95,SUCCESS,2024-06-24 19:06:56
PAY0000815,TXN0001099,0.0,FAILED,2024-01-09 15:49:46
PAY0000816,TXN0001100,4070.53,SUCCESS,2024-03-25 22:53:54
PAY0000817,TXN0001101,4487.44,SUCCESS,2024-06-16 06:06:53
PAY0000818,TXN0001103,0.0,FAILED,2024-12-22 15:35:06
PAY0000819,TXN0001104,3126.05,PENDING,2024-06-18 13:29:49
PAY0000820,TXN0001106,4471.2,SUCCESS,2024-02-12 13:21:33
PAY0000821,TXN0001107,43.93,SUCCESS,2024-11-25 03:51:49
PAY0000822,TXN0001108,0.0,FAILED,2024-12-15 13:18:55
PAY0000823,TXN0001109,4931.55,SUCCESS,2024-05-29 04:47:15
PAY0000824,TXN0001110,33211.04,SUCCESS,2024-03-09 09:08:47
PAY0000825,TXN0001112,11963.97,SUCCESS,2024-09-02 13:47:55
PAY0000826,TXN0001113,36.02,SUCCESS,2024-07-14 17:15:54
PAY0000827,TXN0001114,12764.47,SUCCESS,2024-04-21 20:37:35
PAY0000828,TXN0001115,1147.43,SUCCESS,2024-06-16 18:05:09
PAY0000829,TXN0001116,2718.96,FAILED,2024-05-16 21:46:45
PAY0000830,TXN0001117,414.19,SUCCESS,2024-11-08 03:12:39
PAY0000831,TXN0001118,0.0,FAILED,2024-12-07 14:48:34
PAY0000832,TXN0001119,367.31,SUCCESS,2024-12-11 03:09:13
PAY0000833,TXN0001120,21748.68,SUCCESS,2024-09-22 21:22:51
PAY0000834,TXN0001121,0.0,FAILED,2024-01-09 13:16:09
PAY0000835,TXN0001125,334.24,SUCCESS,2024-01-22 08:28:48
PAY0000836,TXN0001126,41506.66,SUCCESS,2024-08-08 12:34:14
PAY0000837,TXN0001127,431.32,SUCCESS,2024-10-12 20:33:43
PAY0000838,TXN0001128,42.35,SUCCESS,2024-12-24 11:46:45
PAY0000839,TXN0001129,29736.27,SUCCESS,2024-01-09 07:29:44
PAY0000840,TXN0001130,1228.79,SUCCESS,2024-03-20 21:59:47
PAY0000841,TXN0001131,0.0,FAILED,2024-08-08 08:26:21
PAY0000842,TXN0001133,4265.47,FAILED,2024-07-09 10:15:21
PAY0000843,TXN0001134,205.33,SUCCESS,2024-01-20 20:35:23
PAY0000844,TXN0001135,8799.57,SUCCESS,2024-08-17 08:56:02
PAY0000845,TXN0001136,485.28,SUCCESS,2024-06-19 08:53:27
PAY0000846,TXN0001138,2465.64,SUCCESS,2024-03-21 14:59:41
PAY0000847,TXN0001139,482.89,SUCCESS,2024-01-30 12:26:33
PAY0000848,TXN0001140,37170.62,SUCCESS,2024-01-20 13:38:00
PAY0000849,TXN0001142,3004.44,FAILED,2024-04-11 21:43:18
PAY0000850,TXN0001143,38163.56,SUCCESS,2024-09-02 07:14:59
PAY0000851,TXN0001144,3471.45,SUCCESS,2024-02-04 08:11:39
PAY0000852,TXN0001145,8.23,SUCCESS,2024-01-29 21:43:17
PAY0000853,TXN0001148,13501.15,SUCCESS,2024-10-03 21:20:51
PAY0000854,TXN0001151,34638.4,SUCCESS,2024-06-19 11:07:21
PAY0000855,TXN0001153,318.85,SUCCESS,2024-07-16 19:37:51
PAY0000856,TXN0001154,28767.36,SUCCESS,2024-11-10 20:08:46
PAY0000857,TXN0001155,39042.9,SUCCESS,2024-04-19 03:38:27
PAY0000858,TXN0001156,0.0,FAILED,2024-08-31 00:21:14
PAY0000859,TXN0001160,1972.97,SUCCESS,2024-06-08 12:36:25
PAY0000860,TXN0001161,0.0,FAILED,2024-01-30 15:23:21
PAY0000861,TXN0001162,19744.42,SUCCESS,2024-04-16 12:27:27
PAY0000862,TXN0001163,43933.28,SUCCESS,2024-03-10 13:11:23
PAY0000863,TXN0001165,2162.88,SUCCESS,2024-04-08 19:01:33
PAY0000864,TXN0001166,0.0,FAILED,2024-07-22 19:38:30
PAY0000865,TXN0001167,0.0,FAILED,2024-09-01 15:19:35
PAY0000866,TXN0001168,9.14,SUCCESS,2024-09-30 20:24:47
PAY0000867,TXN0001169,471.47,SUCCESS,2024-10-13 09:11:58
PAY0000868,TXN0001170,5.76,FAILED,2024-02-08 09:58:24
PAY0000869,TXN0001171,1691.27,SUCCESS,2024-09-29 22:23:23
PAY0000870,TXN0001173,27106.41,SUCCESS,2024-04-09 21:18:56
PAY0000871,TXN0001174,29250.32,SUCCESS,2024-11-26 23:10:51
PAY0000872,TXN0001175,360.23,SUCCESS,2024-11-06 07:52:11
PAY0000873,TXN0001176,38313.78,SUCCESS,2024-06-18 09:00:07
PAY0000874,TXN0001177,0.0,FAILED,2024-08-05 10:17:19
PAY0000875,TXN0001178,4596.57,SUCCESS,2024-08-18 17:06:14
PAY0000876,TXN0001179,0.0,FAILED,2024-10-02 19:36:44
PAY0000877,TXN0001180,43783.16,SUCCESS,2024-09-02 21:43:37
PAY0000878,TXN0001181,265.52,PENDING,2024-04-14 20:15:58
PAY0000879,TXN0001182,34.19,SUCCESS,2024-10-17 10:34:03
PAY0000880,TXN0001183,27856.54,SUCCESS,2024-01-02 22:24:57
PAY0000881,TXN0001184,37602.77,PENDING,2024-10-07 13:15:14
PAY0000882,TXN0001185,31491.57,SUCCESS,2024-09-04 22:41:24
PAY0000883,TXN0001187,87.12,SUCCESS,2024-02-07 20:59:08
PAY0000884,TXN0001188,285.23,SUCCESS,2024-11-12 22:39:14
PAY0000885,TXN0001189,26261.53,SUCCESS,2024-01-08 22:28:01
PAY0000886,TXN0001190,5.09,SUCCESS,2024-10-29 19:30:10
PAY0000887,TXN0001191,3015.81,SUCCESS,2024-03-08 19:30:26
PAY0000888,TXN0001192,25561.32,SUCCESS,2024-02-07 11:21:33
PAY0000889,TXN0001194,16895.02,SUCCESS,2024-06-20 09:28:40
PAY0000890,TXN0001195,79.35,SUCCESS,2024-01-24 22:08:12
PAY0000891,TXN0001198,48862.61,PENDING,2024-06-28 20:45:52
PAY0000892,TXN0001199,0.0,FAILED,2024-02-11 01:47:27
PAY0000893,TXN0001200,889.81,SUCCESS,2024-12-14 21:17:01
PAY0000894,TXN0001202,9.12,SUCCESS,2024-08-30 13:52:07
PAY0000895,TXN0001203,48686.91,SUCCESS,2024-10-14 12:15:09
PAY0000896,TXN0001204,4.86,SUCCESS,2024-09-28 13:35:07
PAY0000897,TXN0001205,4090.07,SUCCESS,2024-10-07 10:20:57
PAY0000898,TXN0001206,0.0,FAILED,2024-08-15 22:03:28
PAY0000899,TXN0001207,23.5,SUCCESS,2024-06-15 21:41:10
PAY0000900,TXN0001208,36.45,SUCCESS,2024-03-13 13:46:10
PAY0000901,TXN0001209,40322.01,SUCCESS,2024-12-15 08:57:50
PAY0000902,TXN0001211,20923.95,SUCCESS,2024-02-21 22:13:10
PAY0000903,TXN0001212,5549.22,SUCCESS,2024-01-25 20:19:13
PAY0000904,TXN0001213,47993.53,SUCCESS,2024-08-07 13:04:47
PAY0000905,TXN0001215,7.26,SUCCESS,2024-10-06 21:30:25
PAY0000906,TXN0001216,1512.63,SUCCESS,2024-10-18 09:38:07
PAY0000907,TXN0001217,195.95,SUCCESS,2024-11-20 08:04:48
PAY0000908,TXN0001218,172.2,SUCCESS,2024-11-17 10:15:08
PAY0000909,TXN0001219,134.11,SUCCESS,2024-11-22 17:36:00
PAY0000910,TXN0001220,30041.76,SUCCESS,2024-05-24 11:00:32
PAY0000911,TXN0001222,5.0,SUCCESS,2024-08-25 22:38:13
PAY0000912,TXN0001223,45810.7,SUCCESS,2024-12-24 03:41:54
PAY0000913,TXN0001225,26543.76,SUCCESS,2024-07-14 01:45:20
PAY0000914,TXN0001227,3481.18,SUCCESS,2024-11-10 10:41:07
PAY0000915,TXN0001228,35290.68,SUCCESS,2024-09-25 02:26:26
PAY0000916,TXN0001229,186.0,PENDING,2024-12-22 10:09:38
PAY0000917,TXN0001230,7584.85,SUCCESS,2024-08-01 08:26:41
PAY0000918,TXN0001231,0.0,FAILED,2024-11-08 10:49:05
PAY0000919,TXN0001232,48441.24,SUCCESS,2024-03-22 16:13:49
PAY0000920,TXN0001233,3007.31,SUCCESS,2024-04-13 13:31:27
PAY0000921,TXN0001234,6.23,SUCCESS,2024-10-19 20:23:28
PAY0000922,TXN0001235,18603.54,SUCCESS,2024-04-10 19:49:56
PAY0000923,TXN0001236,34945.91,SUCCESS,2024-08-10 03:05:52
PAY0000924,TXN0001238,1686.51,SUCCESS,2024-06-08 22:06:12
PAY0000925,TXN0001240,3538.13,SUCCESS,2024-05-16 21:49:52
PAY0000926,TXN0001241,0.0,FAILED,2024-05-02 21:54:21
PAY0000927,TXN0001242,0.0,FAILED,2024-07-08 08:36:26
PAY0000928,TXN0001245,0.0,FAILED,2024-08-19 07:42:55
PAY0000929,TXN0001246,4622.68,SUCCESS,2024-03-26 09:05:55
PAY0000930,TXN0001247,34164.71,SUCCESS,2024-05-12 21:03:42
PAY0000931,TXN0001248,102.27,SUCCESS,2024-08-24 20:25:44
PAY0000932,TXN0001249,663.65,PENDING,2024-01-13 11:24:08
PAY0000933,TXN0001250,3.71,SUCCESS,2024-08-25 06:08:12
PAY0000934,TXN0001252,431.31,SUCCESS,2024-05-06 19:40:05
PAY0000935,TXN0001253,242.1,SUCCESS,2024-09-24 05:00:38
PAY0000936,TXN0001254,2801.53,SUCCESS,2024-01-18 09:58:19
PAY0000937,TXN0001255,15001.76,FAILED,2024-09-08 20:06:27
PAY0000938,TXN0001256,217.6,SUCCESS,2024-12-28 17:55:22
PAY0000939,TXN0001257,30473.31,SUCCESS,2024-11-20 13:16:36
PAY0000940,TXN0001258,45369.0,SUCCESS,2024-07-12 19:13:29
PAY0000941,TXN0001259,15310.18,SUCCESS,2024-07-22 15:17:47
PAY0000942,TXN0001261,47155.26,SUCCESS,2024-06-09 15:03:00
PAY0000943,TXN0001263,33023.72,SUCCESS,2024-01-01 00:16:29
PAY0000944,TXN0001264,2893.91,SUCCESS,2024-04-13 22:28:23
PAY0000945,TXN0001265,34341.54,SUCCESS,2024-09-08 07:06:12
PAY0000946,TXN0001266,14135.69,SUCCESS,2024-05-01 06:40:56
PAY0000947,TXN0001267,4289.74,SUCCESS,2024-04-03 10:02:17
PAY0000948,TXN0001268,2951.4,SUCCESS,2024-12-30 10:27:05
PAY0000949,TXN0001269,135.9,SUCCESS,2024-04-13 19:28:07
PAY0000950,TXN0001270,63.86,SUCCESS,2024-05-19 19:11:49
PAY0000951,TXN0001271,89.14,SUCCESS,2024-10-30 08:11:29
PAY0000952,TXN0001274,120.02,SUCCESS,2024-09-26 21:44:38
PAY0000953,TXN0001275,775.42,SUCCESS,2024-02-21 09:01:07
PAY0000954,TXN0001276,296.95,SUCCESS,2024-05-26 13:23:44
PAY0000955,TXN0001277,79.3,SUCCESS,2024-03-16 07:36:23
PAY0000956,TXN0001279,47054.7,SUCCESS,2024-10-09 13:44:46
PAY0000957,TXN0001280,23295.99,SUCCESS,2024-12-09 01:54:51
PAY0000958,TXN0001281,475.27,SUCCESS,2024-10-03 01:35:59
PAY0000959,TXN0001282,238.25,SUCCESS,2024-11-27 15:29:11
PAY0000960,TXN0001283,229.74,SUCCESS,2024-10-13 08:27:49
PAY0000961,TXN0001285,39915.76,SUCCESS,2024-12-09 14:24:37
PAY0000962,TXN0001286,282.5,SUCCESS,2024-04-17 10:58:16
PAY0000963,TXN0001287,479.23,SUCCESS,2024-08-22 08:06:11
PAY0000964,TXN0001288,9764.19,SUCCESS,2024-02-22 15:42:02
PAY0000965,TXN0001289,11999.83,FAILED,2024-03-19 15:40:11
PAY0000966,TXN0001290,13443.19,SUCCESS,2024-12-30 22:47:24
PAY0000967,TXN0001291,41348.73,SUCCESS,2024-03-02 22:02:47
PAY0000968,TXN0001292,3287.42,SUCCESS,2024-12-21 12:38:23
PAY0000969,TXN0001293,2544.82,SUCCESS,2024-03-30 21:25:16
PAY0000970,TXN0001294,479.48,SUCCESS,2024-12-16 18:57:21
PAY0000971,TXN0001296,3307.61,SUCCESS,2024-02-06 10:13:26
PAY0000972,TXN0001297,46042.18,SUCCESS,2024-07-31 10:29:23
PAY0000973,TXN0001298,365.31,SUCCESS,2024-03-13 04:02:15
PAY0000974,TXN0001299,41556.38,FAILED,2024-06-10 22:37:43
PAY0000975,TXN0001300,7.02,SUCCESS,2024-07-12 13:39:57
PAY0000976,TXN0001301,429.21,SUCCESS,2024-01-23 22:55:29
PAY0000977,TXN0001303,22472.02,SUCCESS,2024-07-18 13:48:29
PAY0000978,TXN0001304,389.78,SUCCESS,2024-07-17 09:55:46
PAY0000979,TXN0001305,32528.04,SUCCESS,2024-03-15 12:11:19
PAY0000980,TXN0001307,216.9,SUCCESS,2024-02-26 00:03:52
PAY0000981,TXN0001309,25299.58,SUCCESS,2024-08-01 19:11:25
PAY0000982,TXN0001311,131.44,SUCCESS,2024-11-19 12:11:29
PAY0000983,TXN0001313,5282.33,SUCCESS,2024-07-16 08:28:13
PAY0000984,TXN0001315,2195.92,SUCCESS,2024-04-01 00:46:04
PAY0000985,TXN0001316,19676.76,SUCCESS,2024-06-14 13:40:17
PAY0000986,TXN0001317,23540.26,SUCCESS,2024-03-10 19:02:13
PAY0000987,TXN0001319,22940.06,SUCCESS,2024-02-27 12:19:06
PAY0000988,TXN0001320,4127.92,SUCCESS,2024-05-15 08:51:10
PAY0000989,TXN0001321,8.56,SUCCESS,2024-07-22 22:39:00
PAY0000990,TXN0001322,26708.84,SUCCESS,2024-01-01 17:36:50
PAY0000991,TXN0001324,3.35,SUCCESS,2024-11-26 19:24:27
PAY0000992,TXN0001325,270.1,PENDING,2024-09-15 00:01:16
PAY0000993,TXN0001326,26777.66,SUCCESS,2024-01-25 13:19:26
PAY0000994,TXN0001329,123.56,SUCCESS,2024-11-03 10:07:18
PAY0000995,TXN0001330,203.25,SUCCESS,2024-12-25 19:03:43
PAY0000996,TXN0001331,3000.58,SUCCESS,2024-08-05 17:41:54
PAY0000997,TXN0001332,2701.64,FAILED,2024-03-12 10:06:39
PAY0000998,TXN0001333,1466.71,SUCCESS,2024-05-12 13:18:02
PAY0000999,TXN0001334,137.38,PENDING,2024-07-01 22:55:08
PAY0001000,TXN0001336,182.79,SUCCESS,2024-09-16 10:52:10
PAY0001001,TXN0001337,417.55,SUCCESS,2024-06-09 21:44:38
PAY0001002,TXN0001338,2205.05,SUCCESS,2024-04-06 20:31:50
PAY0001003,TXN0001339,40573.59,SUCCESS,2024-07-11 13:17:34
PAY0001004,TXN0001341,1268.13,FAILED,2024-11-13 21:39:54
PAY0001005,TXN0001342,34714.99,SUCCESS,2024-10-30 10:04:35
PAY0001006,TXN0001343,0.0,FAILED,2024-08-24 19:48:39
PAY0001007,TXN0001344,0.0,FAILED,2024-02-12 12:40:07
PAY0001008,TXN0001345,0.0,FAILED,2024-06-21 00:47:52
PAY0001009,TXN0001346,902.44,SUCCESS,2024-10-13 13:37:56
PAY0001010,TXN0001348,5.78,SUCCESS,2024-06-27 20:02:53
PAY0001011,TXN0001350,36694.15,SUCCESS,2024-12-19 20:36:22
PAY0001012,TXN0001351,0.0,FAILED,2024-08-18 02:41:29
PAY0001013,TXN0001352,127.59,SUCCESS,2024-12-13 21:09:04
PAY0001014,TXN0001353,135.65,SUCCESS,2024-05-07 22:05:49
PAY0001015,TXN0001355,33519.2,SUCCESS,2024-03-14 12:27:45
PAY0001016,TXN0001357,4350.55,PENDING,2024-11-10 13:56:27
PAY0001017,TXN0001358,4049.76,SUCCESS,2024-04-10 20:51:38
PAY0001018,TXN0001359,185.98,SUCCESS,2024-09-16 22:30:35
PAY0001019,TXN0001360,2806.93,SUCCESS,2024-01-05 19:58:32
PAY0001020,TXN0001361,432.55,PENDING,2024-03-26 08:05:58
PAY0001021,TXN0001362,299.87,SUCCESS,2024-05-23 08:46:24
PAY0001022,TXN0001363,37858.54,SUCCESS,2024-11-11 10:10:16
PAY0001023,TXN0001364,16925.66,SUCCESS,2024-04-03 09:32:21
PAY0001024,TXN0001365,0.0,FAILED,2024-01-19 20:33:31
PAY0001025,TXN0001366,4.02,FAILED,2024-01-29 04:49:16
PAY0001026,TXN0001367,5.18,SUCCESS,2024-04-10 22:37:36
PAY0001027,TXN0001369,4.51,SUCCESS,2024-10-16 22:31:00
PAY0001028,TXN0001370,405.79,SUCCESS,2024-07-27 15:08:08
PAY0001029,TXN0001372,23929.98,SUCCESS,2024-08-16 15:56:30
PAY0001030,TXN0001374,31.2,SUCCESS,2024-02-27 10:06:13
PAY0001031,TXN0001375,2395.85,SUCCESS,2024-05-10 20:51:02
PAY0001032,TXN0001376,0.0,FAILED,2024-01-13 12:28:59
PAY0001033,TXN0001377,32356.83,SUCCESS,2024-01-23 23:00:35
PAY0001034,TXN0001378,4844.59,SUCCESS,2024-09-18 21:02:57
PAY0001035,TXN0001380,5145.11,SUCCESS,2024-05-07 23:45:54
PAY0001036,TXN0001381,4191.8,SUCCESS,2024-01-12 02:24:54
PAY0001037,TXN0001382,43997.04,SUCCESS,2024-01-05 19:20:19
PAY0001038,TXN0001383,132.03,PENDING,2024-11-01 18:35:43
PAY0001039,TXN0001384,5817.7,SUCCESS,2024-12-21 22:10:15
PAY0001040,TXN0001385,17752.26,SUCCESS,2024-05-22 08:28:56
PAY0001041,TXN0001386,274.15,SUCCESS,2024-10-08 08:51:42
PAY0001042,TXN0001388,3.65,SUCCESS,2024-03-22 07:23:00
PAY0001043,TXN0001390,2.15,SUCCESS,2024-04-22 20:26:27
PAY0001044,TXN0001391,317.3,SUCCESS,2024-04-12 04:37:20
PAY0001045,TXN0001392,19042.55,SUCCESS,2024-08-10 07:53:26
PAY0001046,TXN0001393,3.13,SUCCESS,2024-11-20 08:06:47
PAY0001047,TXN0001394,210.82,SUCCESS,2024-05-12 22:26:16
PAY0001048,TXN0001395,139.87,SUCCESS,2024-09-17 20:46:00
PAY0001049,TXN0001397,4152.63,SUCCESS,2024-09-13 09:09:49
PAY0001050,TXN0001398,378.09,SUCCESS,2024-06-21 13:53:37
PAY0001051,TXN0001400,21.37,SUCCESS,2024-02-03 13:38:16
PAY0001052,TXN0001401,131.1,SUCCESS,2024-06-08 13:06:09
PAY0001053,TXN0001403,1583.16,SUCCESS,2024-01-17 06:20:43
PAY0001054,TXN0001405,28854.91,SUCCESS,2024-07-05 20:07:31
PAY0001055,TXN0001406,3.04,SUCCESS,2024-08-29 21:39:26
PAY0001056,TXN0001409,401.22,SUCCESS,2024-01-08 13:43:02
PAY0001057,TXN0001412,136.43,SUCCESS,2024-04-21 08:52:58
PAY0001058,TXN0001413,3.71,SUCCESS,2024-10-04 16:04:53
PAY0001059,TXN0001414,3936.43,SUCCESS,2024-01-24 19:58:30
PAY0001060,TXN0001415,4462.09,SUCCESS,2024-04-29 09:05:45
PAY0001061,TXN0001417,35215.1,SUCCESS,2024-09-16 19:16:54
PAY0001062,TXN0001418,1136.06,SUCCESS,2024-05-29 19:49:35
PAY0001063,TXN0001419,26651.95,SUCCESS,2024-07-04 13:49:01
PAY0001064,TXN0001421,1851.16,SUCCESS,2024-12-16 10:58:12
PAY0001065,TXN0001422,1437.11,SUCCESS,2024-03-14 09:56:02
PAY0001066,TXN0001423,3523.2,SUCCESS,2024-09-27 22:53:51
PAY0001067,TXN0001424,346.78,SUCCESS,2024-07-08 08:01:04
PAY0001068,TXN0001427,472.41,SUCCESS,2024-08-21 05:04:17
PAY0001069,TXN0001429,633.15,SUCCESS,2024-08-05 00:14:10
PAY0001070,TXN0001430,0.0,FAILED,2024-05-17 09:03:36
PAY0001071,TXN0001431,17584.83,SUCCESS,2024-01-17 12:13:45
PAY0001072,TXN0001432,1962.93,SUCCESS,2024-10-11 12:36:15
PAY0001073,TXN0001433,8915.3,SUCCESS,2024-11-05 21:44:14
PAY0001074,TXN0001434,326.48,SUCCESS,2024-01-31 20:45:50
PAY0001075,TXN0001435,10.28,SUCCESS,2024-11-15 18:23:31
PAY0001076,TXN0001436,1246.57,SUCCESS,2024-10-06 09:37:01
PAY0001077,TXN0001437,94.92,SUCCESS,2024-10-26 10:22:44
PAY0001078,TXN0001438,4538.58,SUCCESS,2024-11-12 07:21:49
PAY0001079,TXN0001439,10951.82,SUCCESS,2024-05-05 10:19:05
PAY0001080,TXN0001440,44355.46,SUCCESS,2024-05-18 08:29:34
PAY0001081,TXN0001441,22276.89,PENDING,2024-04-11 21:20:32
PAY0001082,TXN0001442,58.94,SUCCESS,2024-10-27 20:28:41
PAY0001083,TXN0001443,218.6,SUCCESS,2024-05-08 10:44:16
PAY0001084,TXN0001444,2095.82,SUCCESS,2024-02-01 09:04:40
PAY0001085,TXN0001446,31622.68,SUCCESS,2024-12-28 20:52:27
PAY0001086,TXN0001447,3153.06,SUCCESS,2024-11-20 12:14:35
PAY0001087,TXN0001448,0.0,FAILED,2024-08-09 22:21:50
PAY0001088,TXN0001450,20870.09,SUCCESS,2024-03-27 05:12:37
PAY0001089,TXN0001452,1104.7,SUCCESS,2024-11-06 13:25:40
PAY0001090,TXN0001454,1.42,SUCCESS,2024-08-25 12:25:34
PAY0001091,TXN0001455,9.78,SUCCESS,2024-05-23 20:54:26
PAY0001092,TXN0001457,4.92,SUCCESS,2024-02-28 13:19:21
PAY0001093,TXN0001458,2247.63,SUCCESS,2024-02-29 06:29:31
PAY0001094,TXN0001459,406.34,SUCCESS,2024-04-02 01:52:39
PAY0001095,TXN0001460,2503.83,SUCCESS,2024-03-29 10:03:14
PAY0001096,TXN0001461,548.51,SUCCESS,2024-04-10 20:36:58
PAY0001097,TXN0001462,16979.92,SUCCESS,2024-10-13 08:44:45
PAY0001098,TXN0001463,146.48,SUCCESS,2024-09-03 08:11:44
PAY0001099,TXN0001464,4802.83,SUCCESS,2024-01-26 20:47:15
PAY0001100,TXN0001466,4722.72,FAILED,2024-12-21 19:52:42
PAY0001101,TXN0001468,1449.46,SUCCESS,2024-10-30 12:01:28
PAY0001102,TXN0001471,1125.5,SUCCESS,2024-11-22 08:54:57
PAY0001103,TXN0001474,14281.11,FAILED,2024-09-30 13:39:28
PAY0001104,TXN0001475,4902.78,SUCCESS,2024-06-16 08:07:29
PAY0001105,TXN0001476,457.11,SUCCESS,2024-01-02 22:10:29
PAY0001106,TXN0001480,169.86,SUCCESS,2024-11-29 09:53:31
PAY0001107,TXN0001482,421.93,SUCCESS,2024-07-26 08:35:17
PAY0001108,TXN0001483,4992.44,SUCCESS,2024-06-15 12:41:01
PAY0001109,TXN0001485,503.46,SUCCESS,2024-10-18 08:16:17
PAY0001110,TXN0001486,4168.19,SUCCESS,2024-04-23 13:17:03
PAY0001111,TXN0001487,145.46,SUCCESS,2024-03-01 21:31:53
PAY0001112,TXN0001488,43489.38,SUCCESS,2024-05-25 04:23:50
PAY0001113,TXN0001489,48492.43,SUCCESS,2024-04-04 20:37:04
PAY0001114,TXN0001490,3881.73,SUCCESS,2024-10-28 19:50:56
PAY0001115,TXN0001491,1277.0,SUCCESS,2024-07-09 13:00:46
PAY0001116,TXN0001493,3.56,FAILED,2024-06-05 21:14:59
PAY0001117,TXN0001494,6.52,SUCCESS,2024-06-13 22:30:20
PAY0001118,TXN0001495,37.25,SUCCESS,2024-05-31 10:40:26
PAY0001119,TXN0001496,448.03,SUCCESS,2024-10-13 12:09:02
PAY0001120,TXN0001497,2867.87,SUCCESS,2024-12-03 08:28:50
PAY0001121,TXN0001498,26697.28,SUCCESS,2024-06-06 09:45:16
PAY0001122,TXN0001499,4.77,SUCCESS,2024-04-10 02:31:50
PAY0001123,TXN0001501,500.38,SUCCESS,2024-05-30 09:17:57
PAY0001124,TXN0001502,3998.26,SUCCESS,2024-02-03 00:44:54
PAY0001125,TXN0001503,4.17,SUCCESS,2024-12-02 22:37:56
PAY0001126,TXN0001504,16725.74,SUCCESS,2024-06-25 09:47:28
PAY0001127,TXN0001505,3.57,SUCCESS,2024-07-22 21:52:53
PAY0001128,TXN0001506,13019.5,SUCCESS,2024-10-03 08:48:48
PAY0001129,TXN0001507,38468.44,SUCCESS,2024-05-02 22:35:28
PAY0001130,TXN0001508,44012.82,SUCCESS,2024-11-07 02:57:58
PAY0001131,TXN0001509,9.17,SUCCESS,2024-11-05 09:17:38
PAY0001132,TXN0001512,2616.73,SUCCESS,2024-12-16 05:09:14
PAY0001133,TXN0001514,16168.87,SUCCESS,2024-08-03 15:51:26
PAY0001134,TXN0001515,248.22,SUCCESS,2024-07-15 22:19:10
PAY0001135,TXN0001516,1.4,SUCCESS,2024-01-22 12:28:26
PAY0001136,TXN0001517,90.81,SUCCESS,2024-01-06 18:03:19
PAY0001137,TXN0001519,136.32,SUCCESS,2024-06-27 15:59:53
PAY0001138,TXN0001521,735.5,SUCCESS,2024-03-26 21:23:16
PAY0001139,TXN0001522,381.31,PENDING,2024-01-16 13:30:24
PAY0001140,TXN0001523,321.06,SUCCESS,2024-04-11 02:28:39
PAY0001141,TXN0001524,16940.67,SUCCESS,2024-03-07 13:04:58
PAY0001142,TXN0001525,38082.38,SUCCESS,2024-12-21 14:37:44
PAY0001143,TXN0001526,19502.11,SUCCESS,2024-07-26 13:21:58
PAY0001144,TXN0001527,43140.42,SUCCESS,2024-07-10 01:49:20
PAY0001145,TXN0001530,363.26,SUCCESS,2024-08-30 20:00:04
PAY0001146,TXN0001531,382.96,SUCCESS,2024-12-18 02:27:52
PAY0001147,TXN0001532,51.21,SUCCESS,2024-11-07 21:22:26
PAY0001148,TXN0001533,8.49,SUCCESS,2024-04-13 07:07:28
PAY0001149,TXN0001534,46.96,SUCCESS,2024-03-06 21:29:45
PAY0001150,TXN0001535,1909.36,SUCCESS,2024-04-16 01:15:55
PAY0001151,TXN0001536,39137.48,SUCCESS,2024-01-28 21:17:44
PAY0001152,TXN0001537,4121.83,SUCCESS,2024-08-08 00:53:39
PAY0001153,TXN0001538,31418.36,SUCCESS,2024-05-16 21:41:43
PAY0001154,TXN0001539,1917.47,SUCCESS,2024-11-02 16:27:09
PAY0001155,TXN0001540,37337.05,SUCCESS,2024-04-20 12:37:46
PAY0001156,TXN0001541,1.66,SUCCESS,2024-10-14 07:16:31
PAY0001157,TXN0001542,7889.63,SUCCESS,2024-09-11 10:21:28
PAY0001158,TXN0001543,5.7,SUCCESS,2024-01-30 22:55:02
PAY0001159,TXN0001544,1960.55,SUCCESS,2024-07-24 22:55:24
PAY0001160,TXN0001546,27466.8,SUCCESS,2024-06-14 19:46:37
PAY0001161,TXN0001547,0.0,FAILED,2024-05-10 13:00:06
PAY0001162,TXN0001549,3989.89,FAILED,2024-04-13 20:58:43
PAY0001163,TXN0001550,458.99,SUCCESS,2024-01-24 09:52:05
PAY0001164,TXN0001552,3242.27,SUCCESS,2024-05-19 10:35:43
PAY0001165,TXN0001553,0.0,FAILED,2024-06-02 00:36:27
PAY0001166,TXN0001555,2480.08,SUCCESS,2024-08-27 13:09:29
PAY0001167,TXN0001556,14066.0,SUCCESS,2024-02-04 20:47:25
PAY0001168,TXN0001557,6400.76,SUCCESS,2024-02-24 05:15:52
PAY0001169,TXN0001561,4498.57,SUCCESS,2024-06-10 22:35:20
PAY0001170,TXN0001562,29509.07,SUCCESS,2024-08-03 19:12:39
PAY0001171,TXN0001564,1200.0,SUCCESS,2024-09-15 22:28:35
PAY0001172,TXN0001567,4683.64,SUCCESS,2024-07-17 07:14:22
PAY0001173,TXN0001568,4984.45,SUCCESS,2024-06-16 20:56:17
PAY0001174,TXN0001569,2031.19,SUCCESS,2024-03-28 21:58:33
PAY0001175,TXN0001570,19003.08,FAILED,2024-11-12 23:14:44
PAY0001176,TXN0001571,121.14,SUCCESS,2024-01-27 22:07:33
PAY0001177,TXN0001572,440.39,SUCCESS,2024-09-30 23:03:20
PAY0001178,TXN0001575,8992.77,SUCCESS,2024-09-17 22:49:57
PAY0001179,TXN0001576,2918.95,SUCCESS,2024-06-02 19:05:15
PAY0001180,TXN0001577,8704.9,SUCCESS,2024-07-18 09:22:58
PAY0001181,TXN0001578,6.98,SUCCESS,2024-01-02 10:57:42
PAY0001182,TXN0001579,6.32,SUCCESS,2024-05-20 12:45:28
PAY0001183,TXN0001580,322.09,SUCCESS,2024-10-29 04:34:43
PAY0001184,TXN0001581,2568.56,SUCCESS,2024-12-28 03:36:39
PAY0001185,TXN0001582,3560.22,SUCCESS,2024-05-03 08:08:56
PAY0001186,TXN0001583,17.91,SUCCESS,2024-08-04 13:31:51
PAY0001187,TXN0001584,2560.65,SUCCESS,2024-05-30 10:13:36
PAY0001188,TXN0001586,224.95,SUCCESS,2024-07-01 05:40:18
PAY0001189,TXN0001587,4201.94,SUCCESS,2024-04-01 10:21:40
PAY0001190,TXN0001588,4805.16,SUCCESS,2024-09-30 07:36:40
PAY0001191,TXN0001590,2483.66,SUCCESS,2024-02-02 08:18:42
PAY0001192,TXN0001591,2.86,FAILED,2024-02-21 17:30:27
PAY0001193,TXN0001593,24251.62,SUCCESS,2024-06-18 01:27:11
PAY0001194,TXN0001594,2.76,SUCCESS,2024-12-27 00:25:41
PAY0001195,TXN0001596,73.08,SUCCESS,2024-08-05 06:54:55
PAY0001196,TXN0001597,381.18,SUCCESS,2024-07-12 08:06:43
PAY0001197,TXN0001598,12124.57,SUCCESS,2024-04-26 11:11:52
PAY0001198,TXN0001599,2393.31,SUCCESS,2024-06-04 20:19:56
PAY0001199,TXN0001600,0.0,FAILED,2024-10-25 07:27:55
PAY0001200,TXN0001601,4819.17,SUCCESS,2024-04-28 09:22:24
PAY0001201,TXN0001602,4966.79,SUCCESS,2024-11-23 20:26:45
PAY0001202,TXN0001603,294.47,SUCCESS,2024-08-10 21:14:34
PAY0001203,TXN0001604,313.59,SUCCESS,2024-04-13 22:48:51
PAY0001204,TXN0001605,1608.58,SUCCESS,2024-06-14 13:26:43
PAY0001205,TXN0001606,3457.73,SUCCESS,2024-10-29 19:39:31
PAY0001206,TXN0001607,7675.5,SUCCESS,2024-12-21 08:15:33
PAY0001207,TXN0001609,155.3,SUCCESS,2024-03-14 20:11:02
PAY0001208,TXN0001610,37337.24,SUCCESS,2024-10-20 09:42:19
PAY0001209,TXN0001611,0.0,FAILED,2024-04-21 09:02:09
PAY0001210,TXN0001612,336.28,SUCCESS,2024-04-09 13:17:56
PAY0001211,TXN0001614,673.94,SUCCESS,2024-01-13 13:42:22
PAY0001212,TXN0001615,19810.7,SUCCESS,2024-05-06 09:55:34
PAY0001213,TXN0001616,14243.4,SUCCESS,2024-02-01 18:42:28
PAY0001214,TXN0001618,45888.75,SUCCESS,2024-05-28 10:54:01
PAY0001215,TXN0001621,19542.87,SUCCESS,2024-12-04 09:27:11
PAY0001216,TXN0001622,17416.28,SUCCESS,2024-05-24 10:00:21
PAY0001217,TXN0001623,2531.38,SUCCESS,2024-01-30 09:38:20
PAY0001218,TXN0001626,404.06,SUCCESS,2024-07-28 08:43:59
PAY0001219,TXN0001627,82.56,SUCCESS,2024-03-03 10:08:49
PAY0001220,TXN0001628,17058.95,SUCCESS,2024-11-06 09:02:08
PAY0001221,TXN0001629,325.13,SUCCESS,2024-06-09 21:59:47
PAY0001222,TXN0001630,4331.69,SUCCESS,2024-11-02 16:15:28
PAY0001223,TXN0001632,20495.88,SUCCESS,2024-02-13 21:36:27
PAY0001224,TXN0001633,453.4,SUCCESS,2024-12-07 12:52:44
PAY0001225,TXN0001634,0.0,FAILED,2024-06-25 11:37:37
PAY0001226,TXN0001635,2197.68,PENDING,2024-12-19 10:35:30
PAY0001227,TXN0001636,23821.46,FAILED,2024-08-15 02:25:29
PAY0001228,TXN0001637,1223.28,SUCCESS,2024-11-21 13:12:34
PAY0001229,TXN0001638,164.16,SUCCESS,2024-09-29 10:16:22
PAY0001230,TXN0001639,43063.0,PENDING,2024-06-24 20:40:30
PAY0001231,TXN0001641,13271.94,SUCCESS,2024-09-25 08:17:17
PAY0001232,TXN0001643,2.99,SUCCESS,2024-07-14 15:55:38
PAY0001233,TXN0001645,6.82,SUCCESS,2024-09-07 02:38:47
PAY0001234,TXN0001647,48306.79,SUCCESS,2024-04-26 19:47:08
PAY0001235,TXN0001650,16065.79,SUCCESS,2024-09-01 20:42:19
PAY0001236,TXN0001651,345.14,SUCCESS,2024-11-19 19:15:50
PAY0001237,TXN0001652,6801.91,SUCCESS,2024-04-22 02:05:57
PAY0001238,TXN0001653,256.08,SUCCESS,2024-04-16 20:22:51
PAY0001239,TXN0001654,177.01,SUCCESS,2024-12-15 19:36:48
PAY0001240,TXN0001655,398.58,FAILED,2024-12-24 13:11:44
PAY0001241,TXN0001656,3261.18,PENDING,2024-09-07 11:44:15
PAY0001242,TXN0001657,4.66,SUCCESS,2024-10-22 19:53:43
PAY0001243,TXN0001658,4395.29,SUCCESS,2024-07-15 19:54:24
PAY0001244,TXN0001660,251.45,SUCCESS,2024-09-09 08:19:19
PAY0001245,TXN0001661,282.2,SUCCESS,2024-04-27 16:08:46
PAY0001246,TXN0001662,228.18,SUCCESS,2024-06-11 20:31:57
PAY0001247,TXN0001664,47232.72,SUCCESS,2024-04-18 21:43:57
PAY0001248,TXN0001667,38018.68,SUCCESS,2024-09-28 22:41:14
PAY0001249,TXN0001669,1.38,SUCCESS,2024-09-01 19:22:47
PAY0001250,TXN0001671,2409.32,SUCCESS,2024-09-04 13:05:25
PAY0001251,TXN0001676,472.26,FAILED,2024-12-29 19:08:56
PAY0001252,TXN0001677,2677.01,SUCCESS,2024-11-23 12:36:18
PAY0001253,TXN0001679,43194.48,SUCCESS,2024-12-11 12:57:23
PAY0001254,TXN0001680,6831.14,SUCCESS,2024-02-25 20:23:10
PAY0001255,TXN0001681,4752.39,SUCCESS,2024-01-09 19:09:18
PAY0001256,TXN0001683,3659.45,SUCCESS,2024-06-20 09:06:32
PAY0001257,TXN0001685,15910.97,SUCCESS,2024-11-03 13:36:54
PAY0001258,TXN0001686,0.0,FAILED,2024-04-16 21:44:12
PAY0001259,TXN0001688,284.14,SUCCESS,2024-12-07 00:20:12
PAY0001260,TXN0001689,196.88,FAILED,2024-04-30 20:54:59
PAY0001261,TXN0001691,7.66,SUCCESS,2024-02-03 10:39:57
PAY0001262,TXN0001692,22.12,SUCCESS,2024-05-04 12:11:18
PAY0001263,TXN0001693,437.19,SUCCESS,2024-08-22 08:50:04
PAY0001264,TXN0001694,489.58,SUCCESS,2024-09-11 19:29:07
PAY0001265,TXN0001696,632.28,SUCCESS,2024-07-28 13:34:43
PAY0001266,TXN0001697,3064.44,SUCCESS,2024-04-04 20:28:37
PAY0001267,TXN0001698,1955.56,SUCCESS,2024-08-25 12:51:56
PAY0001268,TXN0001702,6.79,SUCCESS,2024-01-10 10:22:06
PAY0001269,TXN0001703,89.4,SUCCESS,2024-07-24 19:22:53
PAY0001270,TXN0001704,94.65,SUCCESS,2024-09-12 00:09:31
PAY0001271,TXN0001705,3389.0,SUCCESS,2024-01-13 10:31:59
PAY0001272,TXN0001706,470.47,SUCCESS,2024-10-04 06:24:14
PAY0001273,TXN0001707,4352.67,SUCCESS,2024-12-07 08:32:32
PAY0001274,TXN0001708,3483.48,SUCCESS,2024-08-10 09:33:49
PAY0001275,TXN0001709,24378.06,SUCCESS,2024-11-08 21:53:43
PAY0001276,TXN0001710,270.69,SUCCESS,2024-06-12 11:46:11
PAY0001277,TXN0001711,19162.95,SUCCESS,2024-12-22 12:59:22
PAY0001278,TXN0001712,28.84,SUCCESS,2024-02-02 19:35:42
PAY0001279,TXN0001714,2304.97,SUCCESS,2024-02-27 19:36:43
PAY0001280,TXN0001715,3717.11,FAILED,2024-02-26 16:23:49
PAY0001281,TXN0001717,236.38,SUCCESS,2024-04-05 09:26:32
PAY0001282,TXN0001718,28002.38,SUCCESS,2024-08-05 09:11:54
PAY0001283,TXN0001721,2161.84,SUCCESS,2024-06-06 09:42:45
PAY0001284,TXN0001722,226.37,SUCCESS,2024-02-24 10:30:33
PAY0001285,TXN0001723,156.59,SUCCESS,2024-04-09 16:55:02
PAY0001286,TXN0001724,1016.12,SUCCESS,2024-03-01 03:20:38
PAY0001287,TXN0001725,27012.73,SUCCESS,2024-09-17 20:10:19
PAY0001288,TXN0001726,30419.6,SUCCESS,2024-06-13 21:28:08
PAY0001289,TXN0001727,5264.53,SUCCESS,2024-07-10 01:16:30
PAY0001290,TXN0001730,7704.79,SUCCESS,2024-08-16 08:56:30
PAY0001291,TXN0001731,44666.77,SUCCESS,2024-07-04 05:02:54
PAY0001292,TXN0001732,5568.37,SUCCESS,2024-05-01 09:42:13
PAY0001293,TXN0001733,361.46,SUCCESS,2024-01-24 19:08:50
PAY0001294,TXN0001734,234.8,SUCCESS,2024-11-30 19:20:30
PAY0001295,TXN0001735,4202.16,FAILED,2024-07-05 21:09:45
PAY0001296,TXN0001736,0.0,FAILED,2024-12-18 16:32:30
PAY0001297,TXN0001737,424.57,SUCCESS,2024-07-09 12:29:48
PAY0001298,TXN0001738,366.49,SUCCESS,2024-06-01 12:11:40
PAY0001299,TXN0001739,3817.05,SUCCESS,2024-07-10 22:14:38
PAY0001300,TXN0001740,280.09,SUCCESS,2024-10-30 21:59:21
PAY0001301,TXN0001741,0.0,FAILED,2024-12-19 11:36:21
PAY0001302,TXN0001742,0.0,FAILED,2024-11-02 09:03:03
PAY0001303,TXN0001744,304.13,SUCCESS,2024-10-22 13:38:14
PAY0001304,TXN0001745,4732.19,SUCCESS,2024-08-01 09:36:20
PAY0001305,TXN0001746,477.99,SUCCESS,2024-07-27 09:10:40
PAY0001306,TXN0001747,36038.37,SUCCESS,2024-09-06 16:04:43
PAY0001307,TXN0001748,13483.63,SUCCESS,2024-02-28 20:52:14
PAY0001308,TXN0001750,343.24,SUCCESS,2024-09-14 20:58:27
PAY0001309,TXN0001751,3200.89,SUCCESS,2024-03-15 10:06:52
PAY0001310,TXN0001753,539.05,SUCCESS,2024-06-11 19:24:32
PAY0001311,TXN0001754,237.76,SUCCESS,2024-12-22 11:56:56
PAY0001312,TXN0001758,21553.51,SUCCESS,2024-03-20 21:01:50
PAY0001313,TXN0001759,8.22,SUCCESS,2024-12-02 19:26:26
PAY0001314,TXN0001760,9200.24,SUCCESS,2024-04-08 19:20:30
PAY0001315,TXN0001761,98.81,FAILED,2024-01-14 10:24:36
PAY0001316,TXN0001763,2805.74,SUCCESS,2024-03-05 10:18:32
PAY0001317,TXN0001764,638.45,SUCCESS,2024-08-29 22:24:42
PAY0001318,TXN0001766,306.47,SUCCESS,2024-11-19 07:36:58
PAY0001319,TXN0001768,3150.69,SUCCESS,2024-11-08 21:25:15
PAY0001320,TXN0001769,455.01,SUCCESS,2024-08-09 02:54:50
PAY0001321,TXN0001770,47465.73,SUCCESS,2024-07-02 19:00:58
PAY0001322,TXN0001771,3089.68,SUCCESS,2024-04-14 12:24:04
PAY0001323,TXN0001776,2.95,SUCCESS,2024-08-23 20:48:45
PAY0001324,TXN0001777,38624.38,SUCCESS,2024-06-04 06:41:01
PAY0001325,TXN0001778,412.16,SUCCESS,2024-07-08 20:06:09
PAY0001326,TXN0001779,6851.31,SUCCESS,2024-12-11 10:24:30
PAY0001327,TXN0001781,4399.59,SUCCESS,2024-08-02 09:01:28
PAY0001328,TXN0001783,2045.32,SUCCESS,2024-07-22 22:09:58
PAY0001329,TXN0001784,458.56,SUCCESS,2024-12-12 20:27:10
PAY0001330,TXN0001785,31903.43,SUCCESS,2024-06-06 21:24:06
PAY0001331,TXN0001787,2306.88,SUCCESS,2024-09-18 08:18:02
PAY0001332,TXN0001788,36562.26,SUCCESS,2024-07-07 19:02:14
PAY0001333,TXN0001790,2542.02,SUCCESS,2024-09-05 12:13:46
PAY0001334,TXN0001791,375.69,SUCCESS,2024-06-16 09:06:27
PAY0001335,TXN0001793,14451.68,SUCCESS,2024-09-20 13:58:09
PAY0001336,TXN0001794,158.76,FAILED,2024-06-24 19:03:58
PAY0001337,TXN0001795,18997.2,SUCCESS,2024-08-23 10:14:05
PAY0001338,TXN0001796,491.19,SUCCESS,2024-05-12 06:16:35
PAY0001339,TXN0001797,4955.66,SUCCESS,2024-03-29 19:09:42
PAY0001340,TXN0001798,25240.11,SUCCESS,2024-01-28 10:14:13
PAY0001341,TXN0001799,233.74,SUCCESS,2024-07-03 09:43:19
PAY0001342,TXN0001800,2035.59,SUCCESS,2024-11-01 04:27:04
PAY0001343,TXN0001801,44968.47,PENDING,2024-12-21 20:26:57
PAY0001344,TXN0001804,4820.73,SUCCESS,2024-10-09 01:45:22
PAY0001345,TXN0001805,19903.22,SUCCESS,2024-03-03 19:05:58
PAY0001346,TXN0001807,171.94,SUCCESS,2024-05-11 20:32:54
PAY0001347,TXN0001808,24150.56,SUCCESS,2024-09-20 16:33:38
PAY0001348,TXN0001809,401.69,SUCCESS,2024-03-11 00:56:49
PAY0001349,TXN0001810,4355.77,SUCCESS,2024-04-19 12:21:31
PAY0001350,TXN0001811,72.79,SUCCESS,2024-05-12 08:23:42
PAY0001351,TXN0001813,12413.73,SUCCESS,2024-07-07 21:35:07
PAY0001352,TXN0001814,3566.79,SUCCESS,2024-01-22 22:33:06
PAY0001353,TXN0001815,291.52,SUCCESS,2024-06-14 07:30:34
PAY0001354,TXN0001817,10301.73,SUCCESS,2024-12-16 05:27:47
PAY0001355,TXN0001819,8863.77,SUCCESS,2024-06-28 05:03:54
PAY0001356,TXN0001820,3200.91,SUCCESS,2024-03-05 22:51:24
PAY0001357,TXN0001821,2.84,SUCCESS,2024-02-12 16:02:42
PAY0001358,TXN0001822,4678.45,SUCCESS,2024-07-10 16:25:46
PAY0001359,TXN0001823,33310.69,SUCCESS,2024-09-05 23:52:53
PAY0001360,TXN0001824,0.0,FAILED,2024-12-29 19:26:37
PAY0001361,TXN0001825,4613.84,SUCCESS,2024-01-11 14:22:19
PAY0001362,TXN0001826,417.78,FAILED,2024-05-27 00:28:48
PAY0001363,TXN0001827,40705.95,SUCCESS,2024-08-21 19:04:36
PAY0001364,TXN0001829,0.0,FAILED,2024-06-15 13:41:59
PAY0001365,TXN0001830,47597.4,SUCCESS,2024-03-13 18:18:06
PAY0001366,TXN0001832,239.47,SUCCESS,2024-12-21 10:11:48
PAY0001367,TXN0001833,1570.04,SUCCESS,2024-09-30 19:29:56
PAY0001368,TXN0001834,0.0,FAILED,2024-09-06 22:06:44
PAY0001369,TXN0001835,0.0,FAILED,2024-12-01 20:19:37
PAY0001370,TXN0001836,30018.7,SUCCESS,2024-12-08 23:52:13
PAY0001371,TXN0001837,25705.28,SUCCESS,2024-07-25 21:01:56
PAY0001372,TXN0001838,3147.33,SUCCESS,2024-07-15 13:36:43
PAY0001373,TXN0001839,462.44,PENDING,2024-10-23 07:46:47
PAY0001374,TXN0001840,2.15,SUCCESS,2024-12-26 20:02:48
PAY0001375,TXN0001841,33.09,SUCCESS,2024-02-24 19:00:07
PAY0001376,TXN0001843,4209.63,SUCCESS,2024-07-05 13:54:05
PAY0001377,TXN0001844,60.81,SUCCESS,2024-03-13 16:25:06
PAY0001378,TXN0001846,28434.74,SUCCESS,2024-12-24 19:44:24
PAY0001379,TXN0001847,110.98,SUCCESS,2024-04-06 08:44:04
PAY0001380,TXN0001848,147.43,SUCCESS,2024-10-01 08:55:44
PAY0001381,TXN0001850,11497.15,SUCCESS,2024-08-03 15:27:17
PAY0001382,TXN0001851,30206.88,SUCCESS,2024-04-04 15:09:44
PAY0001383,TXN0001856,15.13,SUCCESS,2024-10-08 14:24:28
PAY0001384,TXN0001857,0.0,FAILED,2024-01-03 21:15:58
PAY0001385,TXN0001862,4229.23,SUCCESS,2024-05-01 12:11:39
PAY0001386,TXN0001863,42966.38,SUCCESS,2024-09-30 18:20:23
PAY0001387,TXN0001864,156.46,SUCCESS,2024-01-27 19:53:03
PAY0001388,TXN0001867,4380.36,SUCCESS,2024-09-22 20:50:40
PAY0001389,TXN0001868,24981.77,SUCCESS,2024-03-14 21:29:45
PAY0001390,TXN0001869,330.05,FAILED,2024-03-29 08:26:52
PAY0001391,TXN0001872,9798.52,SUCCESS,2024-05-09 22:21:43
PAY0001392,TXN0001873,4970.11,SUCCESS,2024-03-14 08:20:37
PAY0001393,TXN0001876,202.23,SUCCESS,2024-07-28 09:31:00
PAY0001394,TXN0001877,175.85,SUCCESS,2024-06-14 08:11:58
PAY0001395,TXN0001878,254.16,FAILED,2024-07-03 13:04:33
PAY0001396,TXN0001879,7286.04,SUCCESS,2024-02-20 20:44:10
PAY0001397,TXN0001880,22905.34,SUCCESS,2024-04-13 19:32:32
PAY0001398,TXN0001881,7.67,SUCCESS,2024-10-31 10:25:50
PAY0001399,TXN0001883,36726.44,SUCCESS,2024-01-24 22:09:40
PAY0001400,TXN0001884,0.0,FAILED,2024-09-15 09:21:40
PAY0001401,TXN0001885,4366.45,SUCCESS,2024-01-10 14:22:30
PAY0001402,TXN0001886,1300.18,FAILED,2024-07-16 09:34:06
PAY0001403,TXN0001887,2001.91,SUCCESS,2024-05-12 13:12:53
PAY0001404,TXN0001888,32602.25,SUCCESS,2024-12-30 07:57:50
PAY0001405,TXN0001889,0.0,FAILED,2024-08-29 13:03:44
PAY0001406,TXN0001891,763.91,SUCCESS,2024-01-28 02:45:24
PAY0001407,TXN0001892,170.85,SUCCESS,2024-07-21 09:17:14
PAY0001408,TXN0001893,0.0,FAILED,2024-06-17 23:17:37
PAY0001409,TXN0001894,18553.77,FAILED,2024-06-29 08:50:26
PAY0001410,TXN0001895,2445.46,SUCCESS,2024-03-14 00:36:23
PAY0001411,TXN0001898,3010.71,SUCCESS,2024-12-09 05:51:16
PAY0001412,TXN0001899,1313.55,SUCCESS,2024-04-29 12:41:30
PAY0001413,TXN0001900,0.0,FAILED,2024-04-07 14:10:13
PAY0001414,TXN0001901,17004.79,SUCCESS,2024-07-06 10:35:28
PAY0001415,TXN0001902,37.65,SUCCESS,2024-02-06 10:24:27
PAY0001416,TXN0001904,3343.12,SUCCESS,2024-03-03 12:28:21
PAY0001417,TXN0001906,354.56,SUCCESS,2024-06-09 21:25:17
PAY0001418,TXN0001908,23343.43,SUCCESS,2024-01-20 20:42:31
PAY0001419,TXN0001909,6.32,SUCCESS,2024-08-03 01:23:16
PAY0001420,TXN0001910,413.82,SUCCESS,2024-09-25 21:10:25
PAY0001421,TXN0001911,364.97,SUCCESS,2024-06-29 08:30:01
PAY0001422,TXN0001914,331.35,SUCCESS,2024-05-07 02:32:21
PAY0001423,TXN0001915,22033.77,SUCCESS,2024-05-02 22:31:07
PAY0001424,TXN0001918,148.23,SUCCESS,2024-02-19 08:13:27
PAY0001425,TXN0001919,49621.54,SUCCESS,2024-11-10 12:01:41
PAY0001426,TXN0001920,2015.71,SUCCESS,2024-12-20 09:34:09
PAY0001427,TXN0001921,239.37,SUCCESS,2024-03-07 13:02:55
PAY0001428,TXN0001923,310.96,SUCCESS,2024-09-06 13:49:52
PAY0001429,TXN0001924,16678.47,SUCCESS,2024-10-09 09:19:39
PAY0001430,TXN0001926,2224.56,SUCCESS,2024-05-14 19:48:22
PAY0001431,TXN0001927,23414.31,SUCCESS,2024-06-10 12:43:00
PAY0001432,TXN0001928,4347.03,SUCCESS,2024-05-23 09:33:35
PAY0001433,TXN0001929,5061.36,SUCCESS,2024-08-15 21:00:43
PAY0001434,TXN0001931,16622.21,SUCCESS,2024-01-28 13:01:16
PAY0001435,TXN0001932,900.33,SUCCESS,2024-11-07 12:26:31
PAY0001436,TXN0001933,180.36,SUCCESS,2024-08-18 09:45:18
PAY0001437,TXN0001934,24836.55,SUCCESS,2024-02-18 12:25:21
PAY0001438,TXN0001935,130.76,SUCCESS,2024-09-17 09:29:32
PAY0001439,TXN0001937,20038.44,SUCCESS,2024-11-11 09:17:58
PAY0001440,TXN0001939,37293.49,SUCCESS,2024-01-29 10:24:51
PAY0001441,TXN0001941,232.09,SUCCESS,2024-11-14 21:43:31
PAY0001442,TXN0001942,19374.35,SUCCESS,2024-01-18 19:23:40
PAY0001443,TXN0001944,1538.49,SUCCESS,2024-12-05 20:21:05
PAY0001444,TXN0001945,0.0,FAILED,2024-10-25 11:20:15
PAY0001445,TXN0001946,6.27,SUCCESS,2024-02-12 13:04:55
PAY0001446,TXN0001948,2722.06,SUCCESS,2024-12-11 02:03:50
PAY0001447,TXN0001949,278.01,SUCCESS,2024-02-05 04:05:01
PAY0001448,TXN0001950,3940.6,SUCCESS,2024-07-15 12:53:17
PAY0001449,TXN0001951,34989.13,FAILED,2024-07-30 13:17:03
PAY0001450,TXN0001952,31242.8,SUCCESS,2024-11-21 14:58:32
PAY0001451,TXN0001953,2001.91,SUCCESS,2024-05-11 22:18:19
PAY0001452,TXN0001954,0.0,FAILED,2024-04-23 20:16:08
PAY0001453,TXN0001957,384.18,SUCCESS,2024-10-19 19:32:34
PAY0001454,TXN0001958,7.39,SUCCESS,2024-12-11 20:59:54
PAY0001455,TXN0001959,110.59,SUCCESS,2024-03-23 22:19:05
PAY0001456,TXN0001960,0.0,FAILED,2024-11-22 16:29:23
PAY0001457,TXN0001961,166.66,SUCCESS,2024-04-27 11:49:00
PAY0001458,TXN0001964,6722.88,SUCCESS,2024-12-19 12:26:35
PAY0001459,TXN0001965,30790.73,SUCCESS,2024-11-23 21:22:00
PAY0001460,TXN0001966,1428.54,SUCCESS,2024-08-06 17:30:58
PAY0001461,TXN0001967,152.17,SUCCESS,2024-05-15 00:02:24
PAY0001462,TXN0001968,2.17,SUCCESS,2024-10-24 22:11:14
PAY0001463,TXN0001969,42640.58,SUCCESS,2024-11-11 22:26:29
PAY0001464,TXN0001970,46455.52,SUCCESS,2024-06-15 22:12:35
PAY0001465,TXN0001971,1983.25,SUCCESS,2024-12-12 19:03:06
PAY0001466,TXN0001972,0.0,FAILED,2024-07-24 09:28:26
PAY0001467,TXN0001973,21558.93,SUCCESS,2024-02-04 09:53:06
PAY0001468,TXN0001974,228.01,SUCCESS,2024-06-15 11:36:27
PAY0001469,TXN0001975,3572.73,SUCCESS,2024-06-18 10:29:26
PAY0001470,TXN0001977,1522.77,SUCCESS,2024-03-07 20:37:35
PAY0001471,TXN0001978,454.12,SUCCESS,2024-10-22 19:08:53
PAY0001472,TXN0001981,11094.7,SUCCESS,2024-02-26 01:29:07
PAY0001473,TXN0001983,23748.79,SUCCESS,2024-07-05 19:29:00
PAY0001474,TXN0001984,940.38,SUCCESS,2024-09-07 22:13:43
PAY0001475,TXN0001985,13881.71,SUCCESS,2024-11-24 15:32:53
PAY0001476,TXN0001986,2.69,SUCCESS,2024-03-07 10:44:07
PAY0001477,TXN0001988,1912.83,SUCCESS,2024-08-05 10:56:21
PAY0001478,TXN0001989,1733.43,SUCCESS,2024-02-07 13:17:28
PAY0001479,TXN0001991,0.0,FAILED,2024-05-25 19:15:43
PAY0001480,TXN0001992,433.63,SUCCESS,2024-04-18 13:01:06
PAY0001481,TXN0001993,4211.64,SUCCESS,2024-05-14 13:02:10
PAY0001482,TXN0001994,2560.6,SUCCESS,2024-03-17 21:23:36
PAY0001483,TXN0001995,0.0,FAILED,2024-03-29 12:37:58
PAY0001484,TXN0001996,3832.85,SUCCESS,2024-12-17 12:38:07
PAY0001485,TXN0001998,3809.02,SUCCESS,2024-04-03 08:21:03
PAY0001486,TXN0001999,1.71,SUCCESS,2024-12-20 22:47:57
PAY0001487,TXN0002000,5591.34,SUCCESS,2024-12-26 22:37:25
PAY0001488,TXN0002001,3523.2,SUCCESS,2024-09-27 22:57:27
PAY0001489,TXN0002002,282.5,SUCCESS,2024-04-17 11:01:05
PAY0001490,TXN0002003,105.26,SUCCESS,2024-02-07 22:11:14
PAY0001491,TXN0002004,254.16,SUCCESS,2024-07-03 13:08:58
PAY0001492,TXN0002006,3403.1,SUCCESS,2024-05-22 21:23:44
PAY0001493,TXN0002007,9606.89,SUCCESS,2024-12-09 10:12:47
PAY0001494,TXN0002009,196.18,SUCCESS,2024-12-18 11:46:59
PAY0001495,TXN0002011,137.57,SUCCESS,2024-04-13 08:22:27
PAY0001496,TXN0002012,431.32,SUCCESS,2024-10-12 20:37:00
PAY0001497,TXN0002014,346.78,SUCCESS,2024-07-08 08:02:50
PAY0001498,TXN0002015,0.0,FAILED,2024-04-08 12:48:30
PAY0001499,TXN0002016,234.95,SUCCESS,2024-07-10 21:49:53
PAY0001500,TXN0002017,499.65,SUCCESS,2024-06-02 04:44:40
PAY0001501,TXN0002019,15.13,SUCCESS,2024-10-08 14:26:58
PAY0001502,TXN0002020,0.0,FAILED,2024-01-09 15:49:53
PAY0001503,TXN0002022,501.83,SUCCESS,2024-12-12 05:42:05
PAY0001504,TXN0002023,49.77,FAILED,2024-11-09 10:15:40
PAY0001505,TXN0002024,0.0,FAILED,2024-07-14 14:37:27
PAY0001506,TXN0002025,251.45,SUCCESS,2024-09-09 08:22:28
PAY0001507,TXN0002027,1962.93,FAILED,2024-10-11 12:38:37
PAY0001508,TXN0002030,0.0,FAILED,2024-06-26 14:56:58
PAY0001509,TXN0002031,3598.48,SUCCESS,2024-03-31 05:37:21
PAY0001510,TXN0002032,41949.24,SUCCESS,2024-06-28 20:57:31
PAY0001511,TXN0002033,3331.05,SUCCESS,2024-12-20 19:36:27
PAY0001512,TXN0002034,5.56,SUCCESS,2024-08-18 21:12:28
PAY0001513,TXN0002035,3.35,SUCCESS,2024-05-29 06:12:12
PAY0001514,TXN0002036,38624.38,SUCCESS,2024-06-04 06:42:10
PAY0001515,TXN0002037,2.67,SUCCESS,2024-07-22 13:19:02
PAY0001516,TXN0002038,1790.89,SUCCESS,2024-11-21 10:32:56
PAY0001517,TXN0002039,289.34,SUCCESS,2024-03-25 06:55:13
PAY0001518,TXN0002040,1625.64,SUCCESS,2024-06-23 16:19:33
